Date,Time
2011-01-02,07:30:25
2011-01-12,11:29:39
2011-03-07,15:26:42
2011-07-13,05:12:50
2011-08-18,10:37:59
2011-09-10,06:19:45
2011-09-19,03:12:02
2011-11-11,20:24:40
2011-12-24,09:30:17
2012-01-18,03:46:29
2012-03-11,11:46:21
2012-03-17,08:38:05
2012-04-07,07:52:47
2012-04-19,02:13:42
2012-05-15,09:55:45
2012-05-15,16:12:22
2012-06-27,00:21:43
2012-07-15,05:04:04
2012-08-08,08:51:42
2012-08-31,14:34:20
2012-09-01,10:20:38
2012-09-26,10:10:03
2012-11-06,10:55:23
2012-11-16,05:58:23
2012-11-23,16:36:27
2013-01-11,03:59:37
2013-01-11,09:35:18
2013-02-04,16:02:14
2013-02-06,10:22:56
2013-02-08,09:02:58
2013-02-11,09:11:48
2013-02-14,07:13:16
2013-02-23,02:22:56
2013-02-23,09:16:40
2013-04-29,17:54:47
2013-05-13,09:15:13
2013-05-22,06:33:02
2013-05-29,11:47:02
2013-06-11,05:57:12
2013-07-18,01:08:16
2013-07-27,04:37:24
2013-09-02,08:49:42
2013-09-05,07:35:50
2013-09-20,09:08:47
2013-09-22,00:46:48
2013-10-14,09:19:26
2013-10-19,10:44:24
2014-01-28,02:16:00
2014-02-12,06:08:30
2014-03-09,02:34:42
2014-06-04,02:15:01
2014-06-21,04:19:04
2014-07-04,07:13:55
2014-08-22,03:36:39
2014-08-22,11:13:40
2014-08-30,09:12:00
2014-09-24,17:45:59
2014-10-14,07:40:07
2014-10-16,01:05:22
2014-12-09,10:40:04
2015-01-19,15:54:00
2015-03-18,04:39:54
2015-06-01,15:39:50
2015-06-21,08:31:36
2015-07-24,02:55:55
2015-08-20,12:23:10
2015-09-04,09:28:21
2015-09-07,08:17:45
2015-09-29,14:43:07
2015-10-02,07:39:08
2015-10-10,09:09:39
2015-10-14,11:33:03
2015-10-16,12:45:22
2015-10-23,07:02:14
2015-11-14,11:38:02
2015-12-13,06:19:54
2015-12-16,15:55:19
2015-12-20,03:05:35
2015-12-20,08:54:00
2016-04-06,04:04:04
2016-05-09,15:12:10
2016-05-27,06:05:05
2016-06-10,10:10:18
2016-07-14,17:05:46
2016-07-26,04:21:06
2016-07-27,03:10:14
2016-08-10,02:58:55
2016-09-10,05:00:18
2016-09-21,07:47:39
2016-09-30,16:13:21
2016-10-30,09:54:23
2016-11-09,14:36:42
2016-12-03,10:34:00
2016-12-19,17:54:00
2016-12-25,05:32:00
2017-01-05,02:40:44
2017-01-18,14:39:34
2017-02-16,01:51:07
2017-02-24,04:31:30
2017-03-10,10:48:12
2017-03-29,08:45:24
2017-04-25,00:32:57
2017-05-29,01:22:51
2017-06-02,05:57:34
2017-06-10,01:57:51
2017-06-18,00:19:37
2017-07-01,01:08:55
2017-07-20,09:33:07
2017-08-14,09:32:18
2017-09-09,09:54:14
2017-10-31,15:20:49
2017-12-13,16:23:04
2017-12-19,15:25:00
2017-12-28,09:38:55
2018-04-21,06:19:42
2018-04-26,06:04:11
2018-05-12,01:16:20
2018-05-15,13:40:03
2018-06-07,03:10:37
2018-06-11,05:25:27
2018-06-21,08:10:48
2018-06-30,00:27:06
2018-06-30,03:17:19
2018-07-20,12:10:08
2018-08-12,05:38:33
2018-09-05,07:48:42
2018-09-16,11:50:45
2018-12-08,01:23:36
2019-03-12,11:44:04
2019-06-04,17:34:49
2019-07-27,10:30:43
2019-09-07,05:29:45
2019-10-23,12:13:03
2020-01-09,13:28:25
2020-01-11,08:36:32
2020-02-24,12:49:04
2020-02-25,10:13:39
2020-04-03,05:04:50
2020-04-09,03:16:02
2020-04-10,03:21:24
2020-04-21,05:33:50
2020-05-01,14:43:26
2020-05-02,07:23:06
2020-05-06,17:05:00
2020-06-01,09:13:42
2020-06-02,11:22:57
2020-07-14,14:02:00
2020-07-17,15:22:44
2020-07-26,09:50:03
2020-08-21,03:36:25
2020-09-12,06:39:09
2020-10-05,16:41:35
2021-01-08,05:40:20
2021-01-16,07:43:11
2021-03-10,02:56:10
2021-04-04,14:05:02
2021-04-10,02:36:09
2021-04-22,09:50:27
2021-05-13,10:20:16
2021-08-01,10:57:07
2021-09-11,06:18:39
2021-09-14,02:43:04
2021-09-27,03:38:20
2021-10-03,02:07:06
2021-10-03,11:19:00
2021-10-20,10:02:40
2021-11-05,09:31:00
2022-01-08,08:22:44
2022-01-20,01:01:27
2022-02-15,16:05:44
2022-02-21,01:51:22
2022-03-20,08:11:40
2022-03-30,01:01:44
2022-05-01,01:19:12
2022-05-16,11:40:19
2022-06-16,17:25:20
2022-06-20,10:43:08
2022-07-14,06:10:54
2022-08-19,09:11:33
2022-12-02,17:52:08
2023-01-05,11:58:58
2023-01-06,10:19:32
2023-01-18,01:34:17
2023-01-19,04:48:58
2023-01-22,00:26:43
2023-02-15,05:30:37
2023-02-16,14:08:37
2023-02-17,14:34:38
2023-02-26,05:26:40
2023-02-28,08:03:25
2023-06-28,12:04:10
2023-07-10,11:27:46
2023-07-11,11:59:30
2023-07-12,02:25:07
2023-07-16,05:48:16
2023-08-23,07:06:11
2023-09-01,12:08:09
2023-09-28,14:57:04
2023-10-26,07:33:49
2023-12-08,08:40:12
