P000000001,S1010
P000000002,S1010
P000000003,S1010
P000000004,S1010
P000000005,S1010
P000000006,S1010
P000000007,S1010
P000000008,S1010
P000000009,S1010
P000000010,S1010
P000000011,S1010
P000000012,S1010
P000000013,S1010
P000000014,S1010
P000000015,S1010
P000000016,S1010
P000000017,S1010
P000000018,S1010
P000000019,S1010
P000000020,S1010
P000000021,S1010
P000000022,S1010
P000000023,S1010
P000000024,S1010
P000000025,S1010
P000000026,S1010
P000000027,S1010
P000000028,S1010
P000000029,S1010
P000000030,S1010
P000000031,S1010
P000000032,S1010
P000000033,S1010
P000000034,S1010
P000000035,S1010
P000000036,S1010
P000000037,S1010
P000000038,S1010
P000000039,S1010
P000000040,S1010
P000000041,S1010
P000000042,S1010
P000000043,S1010
P000000044,S1010
P000000045,S1010
P000000046,S1010
P000000047,S1010
P000000048,S1010
P000000049,S1010
P000000050,S1010
P000000051,S1015
P000000052,S1015
P000000053,S1015
P000000054,S1015
P000000055,S1015
P000000056,S1015
P000000057,S1015
P000000058,S1015
P000000059,S1015
P000000060,S1015
P000000061,S1015
P000000062,S1015
P000000063,S1015
P000000064,S1015
P000000065,S1015
P000000066,S1015
P000000067,S1015
P000000068,S1015
P000000069,S1015
P000000070,S1015
P000000071,S1015
P000000072,S1015
P000000073,S1015
P000000074,S1015
P000000075,S1015
P000000076,S1015
P000000077,S1015
P000000078,S1015
P000000079,S1015
P000000080,S1015
P000000081,S1015
P000000082,S1015
P000000083,S1015
P000000084,S1015
P000000085,S1015
P000000086,S1015
P000000087,S1015
P000000088,S1015
P000000089,S1015
P000000090,S1015
P000000091,S1015
P000000092,S1015
P000000093,S1015
P000000094,S1015
P000000095,S1015
P000000096,S1015
P000000097,S1015
P000000098,S1015
P000000099,S1015
P000000100,S1015
P000000101,S1024
P000000102,S1024
P000000103,S1024
P000000104,S1024
P000000105,S1024
P000000106,S1024
P000000107,S1024
P000000108,S1024
P000000109,S1024
P000000110,S1024
P000000111,S1024
P000000112,S1024
P000000113,S1024
P000000114,S1024
P000000115,S1024
P000000116,S1024
P000000117,S1024
P000000118,S1024
P000000119,S1024
P000000120,S1024
P000000121,S1030
P000000122,S1030
P000000123,S1030
P000000124,S1030
P000000125,S1030
P000000126,S1030
P000000127,S1030
P000000128,S1030
P000000129,S1030
P000000130,S1030
P000000131,S1030
P000000132,S1030
P000000133,S1030
P000000134,S1030
P000000135,S1030
P000000136,S1030
P000000137,S1030
P000000138,S1030
P000000139,S1030
P000000140,S1030
P000000141,S1034
P000000142,S1034
P000000143,S1034
P000000144,S1034
P000000145,S1034
P000000146,S1034
P000000147,S1034
P000000148,S1034
P000000149,S1034
P000000150,S1034
P000000151,S1036
P000000152,S1036
P000000153,S1036
P000000154,S1036
P000000155,S1036
P000000156,S1036
P000000157,S1036
P000000158,S1036
P000000159,S1036
P000000160,S1036
P000000161,S1036
P000000162,S1036
P000000163,S1036
P000000164,S1036
P000000165,S1036
P000000166,S1036
P000000167,S1036
P000000168,S1036
P000000169,S1036
P000000170,S1036
P000000171,S1038
P000000172,S1038
P000000173,S1038
P000000174,S1038
P000000175,S1038
P000000176,S1038
P000000177,S1038
P000000178,S1038
P000000179,S1038
P000000180,S1038
P000000181,S1038
P000000182,S1038
P000000183,S1038
P000000184,S1038
P000000185,S1038
P000000186,S1038
P000000187,S1038
P000000188,S1038
P000000189,S1038
P000000190,S1039
P000000191,S1039
P000000192,S1039
P000000193,S1039
P000000194,S1039
P000000195,S1039
P000000196,S1039
P000000197,S1039
P000000198,S1039
P000000199,S1039
P000000200,S1039
P000000201,S1039
P000000202,S1039
P000000203,S1039
P000000204,S1039
P000000205,S1039
P000000206,S1039
P000000207,S1039
P000000208,S1039
P000000209,S1039
P000000210,S1040
P000000211,S1040
P000000212,S1040
P000000213,S1040
P000000214,S1040
P000000215,S1040
P000000216,S1040
P000000217,S1040
P000000218,S1040
P000000219,S1040
P000000220,S1040
P000000221,S1040
P000000222,S1040
P000000223,S1040
P000000224,S1040
P000000225,S1040
P000000226,S1040
P000000227,S1040
P000000228,S1040
P000000229,S1040
P000000230,S1040
P000000231,S1040
P000000232,S1040
P000000233,S1040
P000000234,S1040
P000000235,S1040
P000000236,S1040
P000000237,S1040
P000000238,S1040
P000000239,S1040
P000000240,S1041
P000000241,S1041
P000000242,S1041
P000000243,S1041
P000000244,S1041
P000000245,S1041
P000000246,S1041
P000000247,S1041
P000000248,S1041
P000000249,S1041
P000000250,S1041
P000000251,S1041
P000000252,S1041
P000000253,S1041
P000000254,S1041
P000000255,S1041
P000000256,S1041
P000000257,S1041
P000000258,S1041
P000000259,S1041
P000000260,S1041
P000000261,S1041
P000000262,S1041
P000000263,S1041
P000000264,S1041
P000000265,S1041
P000000266,S1041
P000000267,S1041
P000000268,S1041
P000000269,S1041
P000000270,S1041
P000000271,S1041
P000000272,S1041
P000000273,S1041
P000000274,S1041
P000000275,S1041
P000000276,S1041
P000000277,S1041
P000000278,S1041
P000000279,S1041
P000000280,S1041
P000000281,S1041
P000000282,S1041
P000000283,S1041
P000000284,S1067
P000000285,S1067
P000000286,S1067
P000000287,S1067
P000000288,S1067
P000000289,S1067
P000000290,S1067
P000000239,S1067
P000000291,S1067
P000000292,S1067
P000000293,S1067
P000000294,S1067
P000000295,S1067
P000000296,S1067
P000000297,S1067
P000000298,S1067
P000000299,S1067
P000000300,S1067
P000000301,S1067
P000000302,S1067
P000000303,S1067
P000000304,S1067
P000000305,S1067
P000000306,S1067
P000000307,S1067
P000000308,S1068
P000000309,S1068
P000000310,S1068
P000000311,S1068
P000000312,S1068
P000000313,S1068
P000000314,S1068
P000000315,S1068
P000000316,S1068
P000000317,S1068
P000000318,S1068
P000000319,S1068
P000000320,S1068
P000000321,S1068
P000000322,S1068
P000000323,S1068
P000000324,S1068
P000000325,S1068
P000000326,S1068
P000000327,S1068
P000000328,S1069
P000000329,S1069
P000000330,S1069
P000000331,S1069
P000000332,S1069
P000000333,S1069
P000000334,S1069
P000000335,S1069
P000000336,S1069
P000000337,S1069
P000000338,S1069
P000000339,S1069
P000000340,S1069
P000000341,S1069
P000000342,S1069
P000000343,S1069
P000000344,S1069
P000000345,S1069
P000000346,S1069
P000000347,S1069
P000000348,S1069
P000000349,S1069
P000000350,S1069
P000000351,S1069
P000000352,S1069
P000000353,S1069
P000000354,S1069
P000000355,S1069
P000000356,S1069
P000000357,S1069
P000000358,S1075
P000000359,S1075
P000000360,S1075
P000000361,S1075
P000000214,S1075
P000000362,S1075
P000000213,S1075
P000000363,S1075
P000000364,S1075
P000000365,S1075
P000000366,S1075
P000000230,S1075
P000000211,S1075
P000000367,S1075
P000000368,S1075
P000000212,S1075
P000000229,S1075
P000000369,S1075
P000000370,S1075
P000000371,S1075
P000000372,S1075
P000000373,S1075
P000000374,S1075
P000000375,S1075
P000000376,S1075
P000000231,S1075
P000000377,S1075
P000000378,S1075
P000000379,S1075
P000000380,S1077
P000000381,S1077
P000000382,S1077
P000000383,S1077
P000000384,S1077
P000000385,S1077
P000000386,S1077
P000000387,S1077
P000000388,S1077
P000000389,S1077
P000000390,S1077
P000000391,S1077
P000000392,S1077
P000000393,S1077
P000000394,S1077
P000000395,S1077
P000000396,S1077
P000000397,S1077
P000000398,S1077
P000000399,S1077
P000000400,S1082
P000000401,S1082
P000000402,S1082
P000000403,S1082
P000000404,S1082
P000000405,S1082
P000000406,S1082
P000000407,S1082
P000000408,S1082
P000000409,S1082
P000000410,S1083
P000000411,S1083
P000000412,S1083
P000000413,S1083
P000000414,S1083
P000000415,S1083
P000000416,S1083
P000000417,S1083
P000000418,S1083
P000000419,S1083
P000000420,S1084
P000000421,S1084
P000000422,S1084
P000000423,S1084
P000000424,S1084
P000000425,S1084
P000000426,S1084
P000000427,S1084
P000000428,S1084
P000000429,S1084
P000000430,S1085
P000000431,S1085
P000000432,S1085
P000000433,S1085
P000000434,S1085
P000000435,S1085
P000000436,S1085
P000000437,S1085
P000000438,S1085
P000000439,S1085
P000000440,S1086
P000000441,S1086
P000000442,S1086
P000000443,S1086
P000000444,S1086
P000000445,S1086
P000000446,S1086
P000000447,S1086
P000000448,S1086
P000000449,S1086
P000000450,S1087
P000000451,S1087
P000000452,S1087
P000000453,S1087
P000000454,S1087
P000000455,S1087
P000000456,S1087
P000000457,S1087
P000000458,S1087
P000000459,S1087
P000000460,S1088
P000000461,S1088
P000000462,S1088
P000000463,S1088
P000000464,S1088
P000000465,S1088
P000000466,S1088
P000000467,S1088
P000000468,S1088
P000000469,S1088
P000000470,S1098
P000000471,S1098
P000000472,S1098
P000000473,S1098
P000000474,S1098
P000000475,S1098
P000000476,S1098
P000000477,S1098
P000000478,S1098
P000000479,S1098
P000000250,S1099
P000000480,S1099
P000000481,S1099
P000000482,S1099
P000000483,S1099
P000000484,S1099
P000000485,S1099
P000000486,S1099
P000000487,S1099
P000000488,S1099
P000000489,S1101
P000000490,S1101
P000000491,S1101
P000000492,S1101
P000000493,S1101
P000000494,S1101
P000000495,S1101
P000000496,S1101
P000000497,S1101
P000000498,S1101
P000000499,S1106
P000000500,S1106
P000000501,S1106
P000000502,S1106
P000000503,S1106
P000000504,S1106
P000000505,S1106
P000000506,S1106
P000000507,S1106
P000000508,S1106
P000000509,S1107
P000000510,S1107
P000000511,S1107
P000000512,S1107
P000000513,S1107
P000000514,S1107
P000000515,S1107
P000000516,S1107
P000000517,S1107
P000000518,S1107
P000000519,S1109
P000000520,S1109
P000000521,S1109
P000000522,S1109
P000000523,S1109
P000000524,S1109
P000000525,S1109
P000000526,S1109
P000000527,S1109
P000000528,S1109
P000000529,S1110
P000000530,S1110
P000000531,S1110
P000000532,S1110
P000000533,S1110
P000000534,S1110
P000000535,S1110
P000000536,S1110
P000000537,S1110
P000000538,S1110
P000000539,S1111
P000000540,S1111
P000000541,S1111
P000000542,S1111
P000000543,S1111
P000000544,S1111
P000000545,S1111
P000000546,S1111
P000000547,S1111
P000000548,S1111
P000000549,S1112
P000000550,S1112
P000000551,S1112
P000000552,S1112
P000000553,S1112
P000000554,S1112
P000000555,S1112
P000000556,S1112
P000000557,S1112
P000000558,S1112
P000000559,S1113
P000000560,S1113
P000000561,S1113
P000000562,S1113
P000000563,S1113
P000000564,S1115
P000000565,S1115
P000000566,S1115
P000000117,S1115
P000000567,S1115
P000000568,S1115
P000000569,S1115
P000000570,S1115
P000000571,S1115
P000000572,S1115
P000000573,S1116
P000000574,S1116
P000000575,S1116
P000000576,S1116
P000000577,S1116
P000000578,S1116
P000000579,S1116
P000000334,S1116
P000000580,S1116
P000000581,S1116
P000000582,S1117
P000000583,S1117
P000000584,S1117
P000000585,S1117
P000000586,S1117
P000000587,S1117
P000000588,S1117
P000000147,S1117
P000000589,S1117
P000000590,S1117
P000000591,S1118
P000000592,S1118
P000000593,S1118
P000000594,S1118
P000000595,S1118
P000000596,S1118
P000000597,S1118
P000000598,S1118
P000000599,S1118
P000000600,S1118
P000000601,S1119
P000000602,S1119
P000000603,S1119
P000000604,S1119
P000000605,S1119
P000000606,S1119
P000000607,S1119
P000000608,S1119
P000000609,S1119
P000000610,S1119
P000000611,S1120
P000000612,S1120
P000000613,S1120
P000000614,S1120
P000000615,S1120
P000000616,S1120
P000000617,S1120
P000000618,S1120
P000000619,S1120
P000000620,S1120
P000000621,S1121
P000000622,S1121
P000000623,S1121
P000000624,S1121
P000000625,S1121
P000000626,S1121
P000000627,S1121
P000000628,S1121
P000000629,S1121
P000000630,S1121
P000000631,S1123
P000000632,S1123
P000000633,S1123
P000000634,S1123
P000000635,S1123
P000000636,S1123
P000000637,S1123
P000000638,S1123
P000000639,S1123
P000000640,S1123
P000000641,S1126
P000000642,S1126
P000000643,S1126
P000000644,S1126
P000000645,S1126
P000000646,S1126
P000000647,S1126
P000000648,S1126
P000000649,S1126
P000000650,S1126
P000000651,S1127
P000000652,S1127
P000000653,S1127
P000000654,S1127
P000000655,S1127
P000000656,S1127
P000000657,S1127
P000000658,S1127
P000000659,S1127
P000000660,S1127
P000000661,S1128
P000000662,S1128
P000000663,S1128
P000000664,S1128
P000000665,S1128
P000000666,S1128
P000000667,S1131
P000000668,S1131
P000000669,S1131
P000000670,S1131
P000000671,S1131
P000000672,S1131
P000000673,S1131
P000000674,S1131
P000000675,S1131
P000000676,S1131
P000000677,S1132
P000000678,S1132
P000000679,S1132
P000000680,S1132
P000000681,S1132
P000000682,S1132
P000000683,S1132
P000000684,S1132
P000000685,S1132
P000000686,S1132
P000000687,S1133
P000000688,S1133
P000000689,S1133
P000000690,S1133
P000000691,S1133
P000000692,S1133
P000000693,S1133
P000000694,S1133
P000000695,S1133
P000000696,S1133
P000000697,S1136
P000000698,S1136
P000000699,S1136
P000000700,S1139
P000000701,S1139
P000000702,S1139
P000000703,S1139
P000000704,S1139
P000000705,S1139
P000000706,S1139
P000000707,S1139
P000000708,S1139
P000000709,S1139
P000000710,S1142
P000000711,S1142
P000000712,S1142
P000000713,S1142
P000000714,S1142
P000000715,S1142
P000000716,S1142
P000000717,S1142
P000000718,S1142
P000000719,S1142
P000000720,S1143
P000000721,S1143
P000000722,S1143
P000000723,S1143
P000000724,S1143
P000000725,S1143
P000000726,S1143
P000000727,S1143
P000000728,S1143
P000000729,S1143
P000000730,S1144
P000000731,S1144
P000000732,S1144
P000000733,S1144
P000000734,S1144
P000000735,S1144
P000000736,S1144
P000000737,S1144
P000000738,S1144
P000000739,S1144
P000000740,S1145
P000000741,S1145
P000000742,S1145
P000000743,S1145
P000000744,S1145
P000000745,S1145
P000000746,S3001
P000000747,S3001
P000000748,S3001
P000000749,S3002
P000000750,S3002
P000000751,S3002
P000000752,S3002
P000000753,S3002
P000000754,S3003
P000000755,S3003
P000000756,S3003
P000000757,S3003
P000000758,S3003
P000000759,S3003
P000000760,S3003
P000000761,S3003
P000000762,S3003
P000000763,S3004
P000000764,S3004
P000000765,S3004
P000000766,S3004
P000000767,S3004
P000000768,S3004
P000000769,S3004
P000000770,S3004
P000000771,S3004
P000000772,S3004
P000000773,S3005
P000000774,S3005
P000000775,S3005
P000000776,S3005
P000000777,S3005
P000000778,S3008
P000000779,S3008
P000000780,S3008
P000000781,S3008
P000000782,S3008
P000000783,S3009
P000000784,S3009
P000000785,S3009
P000000786,S3009
P000000787,S3009
P000000788,S3010
P000000789,S3010
P000000790,S3010
P000000791,S3010
P000000792,S3010
P000000793,S3011
P000000794,S3011
P000000795,S3011
P000000796,S3011
P000000797,S3011
P000000798,S3012
P000000799,S3012
P000000800,S3012
P000000801,S3012
P000000802,S3012
P000000803,S3013
P000000804,S3013
P000000805,S3013
P000000806,S3013
P000000807,S3013
P000000808,S3014
P000000809,S3014
P000000810,S3014
P000000811,S3014
P000000812,S3014
P000000813,S3015
P000000814,S3015
P000000815,S3015
P000000816,S3015
P000000817,S3015
P000000818,S3016
P000000819,S3016
P000000820,S3016
P000000821,S3016
P000000822,S3016
P000000823,S3017
P000000824,S3017
P000000825,S3017
P000000826,S3017
P000000827,S3017
P000000828,S3018
P000000829,S3018
P000000830,S3018
P000000831,S3018
P000000832,S3018
P000000833,S3019
P000000834,S3019
P000000835,S3019
P000000836,S3019
P000000837,S3019
P000000838,S3020
P000000839,S3020
P000000840,S3020
P000000841,S3020
P000000842,S3020
P000000843,S3021
P000000844,S3021
P000000845,S3021
P000000846,S3021
P000000847,S3021
P000000848,S3022
P000000849,S3022
P000000850,S3022
P000000851,S3022
P000000852,S3022
P000000853,S3023
P000000854,S3023
P000000855,S3023
P000000856,S3023
P000000857,S3023
P000000858,S3024
P000000859,S3024
P000000860,S3024
P000000861,S3024
P000000862,S3024
P000000863,S3025
P000000864,S3025
P000000865,S3025
P000000866,S3025
P000000867,S3025
P000000868,S3026
P000000869,S3026
P000000870,S3026
P000000871,S3026
P000000872,S3026
P000000873,S3027
P000000874,S3027
P000000875,S3027
P000000876,S3027
P000000877,S3027
P000000878,S3028
P000000879,S3028
P000000880,S3028
P000000881,S3028
P000000882,S3028
P000000883,S3029
P000000884,S3029
P000000885,S3029
P000000886,S3029
P000000887,S3029
P000000888,S3030
P000000889,S3030
P000000890,S3030
P000000891,S3030
P000000892,S3030
P000000893,S3031
P000000894,S3031
P000000895,S3031
P000000896,S3031
P000000897,S3031
P000000898,S3032
P000000899,S3032
P000000900,S3032
P000000901,S3032
P000000902,S3032
P000000903,S3033
P000000904,S3033
P000000905,S3033
P000000906,S3033
P000000907,S3033
P000000908,S3034
P000000909,S3034
P000000910,S3034
P000000911,S3034
P000000912,S3034
P000000913,S3035
P000000914,S3035
P000000915,S3035
P000000916,S3035
P000000917,S3035
P000000918,S3036
P000000919,S3036
P000000920,S3036
P000000921,S3036
P000000922,S3036
P000000923,S3037
P000000924,S3037
P000000925,S3037
P000000926,S3037
P000000927,S3037
P000000928,S3038
P000000929,S3038
P000000930,S3038
P000000931,S3038
P000000932,S3038
P000000933,S3039
P000000934,S3039
P000000935,S3039
P000000936,S3039
P000000937,S3039
P000000938,S3040
P000000939,S3040
P000000940,S3040
P000000941,S3040
P000000942,S3040
P000000943,S3041
P000000944,S3041
P000000945,S3041
P000000946,S3041
P000000947,S3041
P000000948,S3042
P000000949,S3042
P000000950,S3042
P000000951,S3042
P000000952,S3042
P000000953,S3043
P000000954,S3043
P000000955,S3043
P000000956,S3043
P000000957,S3043
P000000958,S3044
P000000959,S3044
P000000960,S3044
P000000961,S3044
P000000962,S3044
P000000963,S3045
P000000964,S3045
P000000965,S3045
P000000966,S3045
P000000967,S3045
P000000968,S3046
P000000969,S3046
P000000970,S3046
P000000971,S3046
P000000972,S3046
P000000973,S3047
P000000974,S3047
P000000975,S3047
P000000976,S3047
P000000977,S3047
P000000978,S3048
P000000979,S3048
P000000980,S3048
P000000981,S3048
P000000982,S3048
P000000983,S1008
P000000984,S1008
P000000985,S1008
P000000986,S1008
P000000987,S1008
P000000988,S1013
P000000989,S1013
P000000187,S1013
P000000183,S1013
P000000990,S1013
P000000991,S1031
P000000992,S1031
P000000993,S1031
P000000994,S1031
P000000995,S1031
P000000996,S1032
P000000997,S1032
P000000998,S1032
P000000999,S1032
P000001000,S1032
P000001001,S1035
P000001002,S1035
P000001003,S1035
P000001004,S1035
P000001005,S1035
P000001006,S1043
P000001007,S1043
P000001008,S1043
P000001009,S1043
P000001010,S1043
P000001011,S1050
P000001012,S1050
P000001013,S1050
P000001014,S1050
P000001015,S1050
P000001016,S1057
P000001017,S1057
P000001018,S1057
P000001019,S1057
P000001020,S1057
P000001021,S1061
P000001022,S1061
P000001023,S1061
P000001024,S1061
P000001025,S1061
P000001026,S1071
P000001027,S1071
P000001028,S1071
P000001029,S1071
P000001030,S1071
P000001031,S1072
P000001032,S1072
P000001033,S1072
P000001034,S1072
P000001035,S1072
P000001036,S1091
P000001037,S1091
P000001038,S1091
P000001039,S1091
P000001040,S1091
P000001041,S1096
P000001042,S1096
P000001043,S1096
P000001044,S1096
P000001045,S1096
P000001046,S1098
P000001047,S1098
P000001048,S1098
P000001049,S1098
P000001050,S1098
P000001051,S1125
P000001052,S1125
P000001053,S1125
P000001054,S1125
P000001055,S1125
P000001056,S1129
P000001057,S1129
P000001058,S1129
P000001059,S1129
P000001060,S1129
P000001061,S2001
P000001062,S2001
P000001063,S2001
P000001064,S2001
P000001065,S2001
P000001066,S2002
P000001067,S2002
P000001068,S2002
P000001069,S2002
P000001070,S2002
P000001071,S2003
P000001072,S2003
P000001073,S2003
P000001074,S2003
P000001075,S2003
P000001076,S2004
P000001077,S2004
P000001078,S2004
P000001079,S2004
P000001080,S2004
P000001081,S2006
P000001082,S2006
P000001083,S2006
P000001084,S2006
P000001085,S2006
P000001086,S2007
P000001087,S2007
P000001088,S2007
P000001089,S2007
P000001090,S2007
P000001091,S2008
P000001092,S2008
P000001093,S2008
P000001094,S2008
P000001095,S2008
P000001096,S2009
P000001097,S2009
P000001098,S2009
P000001099,S2009
P000001100,S2009
P000001101,S2010
P000001102,S2010
P000001103,S2010
P000001104,S2010
P000001105,S2010
P000001106,S2011
P000001107,S2011
P000001108,S2011
P000001109,S2011
P000001110,S2011
P000001111,S2012
P000001112,S2012
P000001113,S2012
P000001114,S2012
P000001115,S2012
P000001116,S2013
P000001117,S2013
P000001118,S2013
P000001119,S2013
P000001120,S2013
P000001121,S2014
P000001122,S2014
P000001123,S2014
P000001124,S2014
P000001125,S2014
P000001126,S2015
P000001127,S2015
P000001128,S2015
P000001129,S2015
P000001130,S2015
P000001131,S2016
P000001132,S2016
P000001133,S2016
P000001134,S2016
P000001135,S2016
P000001136,S2017
P000001137,S2017
P000001138,S2017
P000001139,S2017
P000001140,S2017
P000001141,S2019
P000000147,S2019
P000001142,S2019
P000001143,S2019
P000001144,S2019
P000001145,S2020
P000001146,S2020
P000001147,S2020
P000001148,S2020
P000001149,S2020
P000001150,S2021
P000001151,S2021
P000001152,S2021
P000001153,S2021
P000001154,S2021
P000001155,S2022
P000001156,S2022
P000001157,S2022
P000001158,S2022
P000001159,S2022
P000001160,S2023
P000001161,S2023
P000001162,S2023
P000001163,S2023
P000001164,S2023
P000001165,S2024
P000001166,S2024
P000001167,S2024
P000001168,S2024
P000001169,S2024
P000001170,S2025
P000001171,S2025
P000001172,S2025
P000001173,S2025
P000001174,S2025
P000001175,S2026
P000001176,S2026
P000001177,S2026
P000001178,S2026
P000001179,S2026
P000001180,S2027
P000001181,S2027
P000001182,S2027
P000001183,S2027
P000001184,S2027
P000001185,S2028
P000001186,S2028
P000001187,S2028
P000001188,S2028
P000001189,S2028
P000001190,S2029
P000001191,S2029
P000001192,S2029
P000001193,S2029
P000001194,S2029
P000001195,S2030
P000001196,S2030
P000001197,S2030
P000001198,S2030
P000001199,S2030
P000001200,S2031
P000001201,S2031
P000001202,S2031
P000001203,S2031
P000001204,S2031
P000001205,S2032
P000001206,S2032
P000001207,S2032
P000001208,S2032
P000001209,S2032
P000001210,S2033
P000001211,S2033
P000001212,S2033
P000001213,S2033
P000001214,S2033
P000001215,S2034
P000001216,S2034
P000001217,S2034
P000001218,S2034
P000001219,S2034
P000001220,S2035
P000001221,S2035
P000001222,S2035
P000001223,S2035
P000001224,S2035
P000001225,S2036
P000001226,S2036
P000001227,S2036
P000001228,S2036
P000001229,S2036
P000001230,S2037
P000001231,S2037
P000001232,S2037
P000001233,S2037
P000001234,S2037
P000001235,S2038
P000001236,S2038
P000001237,S2038
P000001238,S2038
P000001239,S2038
P000001240,S2039
P000001241,S2039
P000001242,S2039
P000001243,S2039
P000001244,S2039
P000001245,S2040
P000001246,S2040
P000001247,S2040
P000001248,S2040
P000001249,S2040
P000001250,S2041
P000001251,S2041
P000001252,S2041
P000001253,S2041
P000001254,S2041
P000001255,S2042
P000001256,S2042
P000001257,S2042
P000001258,S2042
P000001259,S2042
P000001260,S2043
P000001261,S2043
P000001262,S2043
P000001263,S2043
P000001264,S2043
P000001265,S2044
P000001266,S2044
P000001267,S2044
P000001268,S2044
P000001269,S2044
P000001270,S2045
P000001271,S2045
P000001272,S2045
P000001273,S2045
P000001274,S2045
P000001275,S2046
P000001276,S2046
P000001277,S2046
P000001278,S2046
P000001279,S2046
P000001280,S2047
P000001281,S2047
P000001282,S2047
P000001283,S2047
P000001284,S2047
P000001285,S2048
P000001286,S2048
P000001287,S2048
P000001288,S2048
P000001289,S2048
P000001290,S2049
P000001291,S2049
P000001292,S2049
P000001293,S2049
P000001294,S2049
P000001295,S2050
P000001296,S2050
P000001297,S2050
P000001298,S2050
P000001299,S2050
P000001300,S2051
P000001301,S2051
P000001302,S2051
P000001303,S2051
P000001304,S2051
P000001305,S2052
P000001306,S2052
P000001307,S2052
P000001308,S2052
P000001309,S2052
P000001310,S2053
P000001311,S2053
P000001312,S2053
P000001313,S2053
P000001314,S2053
P000001315,S2054
P000001316,S2054
P000001317,S2054
P000001318,S2054
P000001319,S2054
P000001320,S2057
P000001321,S2057
P000001322,S2057
P000001323,S2057
P000001324,S2057
P000001325,S2059
P000001326,S2059
P000001327,S2059
P000001328,S2059
P000001329,S2059
P000001330,S2060
P000001331,S2060
P000001332,S2060
P000001333,S2060
P000001334,S2060
P000001335,S2061
P000001336,S2061
P000001337,S2061
P000001338,S2061
P000001339,S2061
P000001340,S2062
P000001341,S2062
P000001342,S2062
P000001343,S2062
P000001344,S2062
P000001345,S2063
P000001346,S2063
P000001347,S2063
P000001348,S2063
P000001349,S2063
P000001350,S2065
P000001351,S2065
P000001352,S2065
P000001353,S2065
P000001354,S2065
P000001355,S2066
P000001356,S2066
P000001357,S2066
P000001358,S2066
P000001359,S2066
P000001360,S2067
P000001361,S2067
P000001362,S2067
P000001363,S2067
P000001364,S2067
P000001365,S2068
P000001366,S2068
P000001367,S2068
P000001368,S2068
P000001369,S2068
P000001370,S2070
P000001371,S2070
P000001372,S2070
P000001373,S2070
P000001374,S2070
P000001375,S2071
P000001376,S2071
P000001377,S2071
P000001378,S2071
P000001379,S2071
P000001380,S2072
P000001381,S2072
P000001382,S2072
P000001383,S2072
P000001384,S2072
P000001385,S2073
P000001386,S2073
P000001387,S2073
P000001388,S2073
P000001389,S2073
P000001390,S2075
P000001391,S2075
P000001392,S2075
P000001393,S2075
P000001394,S2075
P000001395,S2076
P000001396,S2076
P000001397,S2076
P000001398,S2076
P000001399,S2076
P000001400,S2077
P000001401,S2077
P000001402,S2077
P000001403,S2077
P000001404,S2077
P000001405,S2078
P000001406,S2078
P000001407,S2078
P000001408,S2078
P000001409,S2078
P000001410,S2079
P000001411,S2079
P000001412,S2079
P000001413,S2079
P000001414,S2079
P000001415,S2080
P000001416,S2080
P000001417,S2080
P000001418,S2080
P000001419,S2080
P000001420,S2081
P000001421,S2081
P000001422,S2081
P000001423,S2081
P000001424,S2081
P000001425,S2083
P000001426,S2083
P000001427,S2083
P000001428,S2083
P000001429,S2083
P000001430,S2084
P000001431,S2084
P000001432,S2084
P000001433,S2084
P000001434,S2084
P000001435,S2085
P000001436,S2085
P000001437,S2085
P000001438,S2085
P000001439,S2085
P000001440,S2086
P000001441,S2086
P000001442,S2086
P000001443,S2086
P000001444,S2086
P000001445,S2087
P000001446,S2087
P000001447,S2087
P000001448,S2087
P000001449,S2087
P000001450,S2088
P000001451,S2088
P000001452,S2088
P000001453,S2088
P000001454,S2088
P000001455,S2089
P000001456,S2089
P000001457,S2089
P000001458,S2089
P000001459,S2089
P000001460,S2090
P000001461,S2090
P000001462,S2090
P000001463,S2090
P000001464,S2090
P000001465,S2091
P000001466,S2091
P000001467,S2091
P000001468,S2091
P000001469,S2091
P000001470,S2092
P000001471,S2092
P000001472,S2092
P000001473,S2092
P000001474,S2092
P000001475,S2093
P000001476,S2093
P000001477,S2093
P000001478,S2093
P000001479,S2093
P000000313,S2094
P000001480,S2094
P000001481,S2094
P000001482,S2094
P000001483,S2094
P000001484,S2095
P000001485,S2095
P000001486,S2095
P000000322,S2095
P000001487,S2095
P000001488,S2096
P000001489,S2096
P000001490,S2096
P000001491,S2096
P000001492,S2096
P000001493,S2097
P000001494,S2097
P000001495,S2097
P000001496,S2097
P000001497,S2097
P000001498,S2098
P000001499,S2098
P000001500,S2098
P000001501,S2098
P000001502,S2098
P000001503,S2101
P000001504,S2101
P000001505,S2101
P000001506,S2101
P000001507,S2101
P000001508,S2102
P000001509,S2102
P000001510,S2102
P000001511,S2102
P000001512,S2102
P000001513,S2103
P000001514,S2103
P000001515,S2103
P000001516,S2103
P000001517,S2103
P000001518,S2104
P000001519,S2104
P000001520,S2104
P000001521,S2104
P000001522,S2104
P000001523,S2105
P000001524,S2105
P000001525,S2105
P000001526,S2105
P000001527,S2105
P000001528,S2106
P000001529,S2106
P000001530,S2106
P000001531,S2106
P000001532,S2106
P000001533,S2107
P000001534,S2107
P000001535,S2107
P000001536,S2107
P000001537,S2107
P000001538,S2108
P000001539,S2108
P000001540,S2108
P000001541,S2108
P000001542,S2108
P000001543,S2109
P000001544,S2109
P000001545,S2109
P000001546,S2109
P000001547,S2109
P000001548,S2110
P000001549,S2110
P000001550,S2110
P000001551,S2110
P000001552,S2110
P000000214,S2111
P000001553,S2111
P000001554,S2111
P000001555,S2111
P000001556,S2111
P000001557,S2112
P000001558,S2112
P000001559,S2112
P000001560,S2112
P000001561,S2112
P000001562,S2113
P000001563,S2113
P000001564,S2113
P000001565,S2113
P000001566,S2113
P000001567,S2114
P000001568,S2114
P000001569,S2114
P000001570,S2114
P000001571,S2114
P000001572,S2115
P000001573,S2115
P000001574,S2115
P000001575,S2115
P000001576,S2115
P000001577,S2116
P000001578,S2116
P000001579,S2116
P000001580,S2116
P000001581,S2116
P000001582,S2117
P000001583,S2117
P000001584,S2117
P000001585,S2117
P000001586,S2117
P000001587,S2118
P000001588,S2118
P000001589,S2118
P000001590,S2118
P000001591,S2118
P000001592,S2119
P000001593,S2119
P000001594,S2119
P000001595,S2119
P000001596,S2119
P000001597,S2122
P000001598,S2122
P000001599,S2122
P000001600,S2122
P000001601,S2122
P000001602,S2123
P000001603,S2123
P000001604,S2123
P000001605,S2123
P000001606,S2123
P000001607,S2124
P000001608,S2124
P000001609,S2124
P000001610,S2124
P000001611,S2124
P000001612,S2125
P000001613,S2125
P000001614,S2125
P000001615,S2125
P000001616,S2125
P000001617,S2126
P000001618,S2126
P000001619,S2126
P000001620,S2126
P000001621,S2126
P000001622,S2127
P000001623,S2127
P000001624,S2127
P000001625,S2127
P000001626,S2127
P000001627,S2128
P000001628,S2128
P000001629,S2128
P000001630,S2128
P000001631,S2128
P000001632,S2129
P000001633,S2129
P000001634,S2129
P000001635,S2129
P000001636,S2129
P000001637,S2130
P000001638,S2130
P000001639,S2130
P000001640,S2130
P000001641,S2130
P000001642,S2131
P000001643,S2131
P000001644,S2131
P000001645,S2131
P000001646,S2131
P000001647,S2132
P000001648,S2132
P000001649,S2132
P000001650,S2132
P000001651,S2132
P000001652,S2133
P000001653,S2133
P000001654,S2133
P000001655,S2133
P000001656,S2133
P000001657,S2134
P000001658,S2134
P000001659,S2134
P000001660,S2134
P000001661,S2134
P000001662,S2135
P000001663,S2135
P000001664,S2135
P000001665,S2135
P000001666,S2135
P000001667,S2136
P000001668,S2136
P000001669,S2136
P000001670,S2136
P000001671,S2136
P000001672,S2137
P000001673,S2137
P000001674,S2137
P000001675,S2137
P000001676,S2137
P000001677,S2138
P000001678,S2138
P000001679,S2138
P000001680,S2138
P000001681,S2138
P000001682,S2139
P000001683,S2139
P000001684,S2139
P000001685,S2139
P000001686,S2139
P000001687,S2140
P000001688,S2140
P000001689,S2140
P000001690,S2140
P000001691,S2140
P000001692,S2141
P000001693,S2141
P000001694,S2141
P000001695,S2141
P000001696,S2141
P000001697,S2142
P000001698,S2142
P000001699,S2142
P000001700,S2142
P000001701,S2142
P000001702,S2143
P000001703,S2143
P000001704,S2143
P000001705,S2143
P000001706,S2143
P000001707,S2144
P000001708,S2144
P000001709,S2144
P000001710,S2144
P000001711,S2144
P000001712,S2145
P000001713,S2145
P000001714,S2145
P000001715,S2145
P000001716,S2145
P000001717,S2146
P000001718,S2146
P000001719,S2146
P000001720,S2146
P000001721,S2146
P000001722,S2147
P000001723,S2147
P000001724,S2147
P000001725,S2147
P000001726,S2147
P000001727,S2148
P000001728,S2148
P000001729,S2148
P000001730,S2148
P000001731,S2148
P000001732,S2149
P000001733,S2149
P000001734,S2149
P000001735,S2149
P000001736,S2149
P000001737,S2150
P000001738,S2150
P000001739,S2150
P000001740,S2150
P000001741,S2150
P000001742,S2151
P000001743,S2151
P000001744,S2151
P000001745,S2151
P000001746,S2151
P000001747,S2152
P000001748,S2152
P000001749,S2152
P000001750,S2152
P000001751,S2152
P000001752,S2153
P000001753,S2153
P000001754,S2153
P000001755,S2153
P000001756,S2153
P000001757,S2154
P000001758,S2154
P000001759,S2154
P000001760,S2154
P000001761,S2154
P000001762,S2155
P000001763,S2155
P000001764,S2155
P000001765,S2155
P000001766,S2155
P000001767,S2156
P000001768,S2156
P000001769,S2156
P000001770,S2156
P000001771,S2156
P000001772,S2157
P000001773,S2157
P000001774,S2157
P000001775,S2157
P000001776,S2157
P000001777,S2158
P000001778,S2158
P000001779,S2158
P000001780,S2158
P000001781,S2158
P000001782,S2159
P000001783,S2159
P000001784,S2159
P000001785,S2159
P000001786,S2159
P000001787,S2161
P000001788,S2161
P000001789,S2161
P000001790,S2161
P000001791,S2161
P000001792,S2162
P000001793,S2162
P000001794,S2162
P000001795,S2162
P000001796,S2162
P000001797,S2163
P000001798,S2163
P000001799,S2163
P000001800,S2163
P000001801,S2163
P000001802,S2164
P000001803,S2164
P000001804,S2164
P000001805,S2164
P000001806,S2164
P000001807,S2165
P000001808,S2165
P000001809,S2165
P000001810,S2165
P000001811,S2165
P000001812,S2166
P000001813,S2166
P000001814,S2166
P000001815,S2166
P000001816,S2166
P000001817,S2167
P000001818,S2167
P000001819,S2167
P000001820,S2167
P000001821,S2167
P000001822,S4001
P000001823,S4001
P000001824,S4001
P000001825,S4001
P000001826,S4001
P000001827,S4002
P000001828,S4002
P000001829,S4002
P000001830,S4002
P000001831,S4002
P000001832,S4003
P000001833,S4003
P000001834,S4003
P000001835,S4003
P000001836,S4003
P000001837,S4004
P000001838,S4004
P000001839,S4004
P000001840,S4004
P000001841,S4004
P000001842,S4005
P000001843,S4005
P000001844,S4005
P000001845,S4005
P000001846,S4005
P000001847,S4006
P000001848,S4006
P000001849,S4006
P000001850,S4006
P000001851,S4006
P000001852,S4007
P000001853,S4007
P000001854,S4007
P000001855,S4007
P000001856,S4007
P000001877,S4007
