S3001,S2016
S3002,S2016
S3003,S2016
S3004,S2016
S3005,S2009
S3006,S2009
S3007,S2027
S3008,S2027
S3009,S2028
S3010,S2028
S3011,S2028
S3012,S2030
S3013,S2030
S3014,S2031
S3015,S2031
S3016,S2031
S3017,S2033
S3018,S2033
S3019,S2033
S3020,S2035
S3021,S2035
S3022,S2044
S3023,S2044
S3024,S2053
S3025,S2053
S3026,S2054
S3027,S2054
S3028,S2068
S3029,S2068
S3030,S2069
S3031,S2069
S3032,S2140
S3033,S2140
S3034,S2105
S3035,S2105
S3036,S2115
S3037,S2115
S3038,S2117
S3039,S2117
S3040,S2155
S3041,S2155
S3042,S2155
S3043,S2156
S3044,S2156
S3045,S2156
S3046,S2157
S3047,S2157
S3048,S2157
