0000000001,Debby,Loker,1/27/1950,hKOacZ0rBf7TbqP,6391555647,1/5/1970
0000000002,Ransell,Tunnoch,2/5/1950,Ou1V291JsGHqpdr,9627233131,1/16/1970
0000000003,Luisa,Dabbes,2/7/1950,8pjqoQpzjUueyyr,6338735285,2/16/1970
0000000004,Frederico,Pencost,3/6/1950,GIOZ3eiTKtyktjs,5633308686,3/12/1970
0000000005,Jennifer,Plevey,3/30/1950,zzufoOVcZStjak1,4183637395,3/24/1970
0000000006,Tresa,Lexa,4/3/1950,ud4LplLYXbzFlXF,9284814541,3/28/1970
0000000007,Celesta,Swansborough,4/10/1950,hHR439dpXT9iiR3,4114762361,3/28/1970
0000000008,Coretta,Richt,5/6/1950,Ak4pOrrTGVyuUvI,2839751984,3/30/1970
0000000009,Jobina,Kristof,5/15/1950,fHA9Xn3PGIpvKRb,7626554010,4/22/1970
0000000010,Edie,Skydall,5/21/1950,2S8Al6zMlVBVgi1,4022937286,6/24/1970
0000000011,Florina,Rait,6/26/1950,eA72rp2FvXzrOSD,4234609317,7/28/1970
0000000012,Vannie,Genge,7/1/1950,2lFc8y6o12DdbwH,1359221566,8/16/1970
0000000013,Tobey,Kitley,7/23/1950,XVdhFzy4VsTprUh,4874413433,8/17/1970
0000000014,Osborn,Teesdale,7/30/1950,ojQBxXpqJwa3R1g,3486241198,8/24/1970
0000000015,Jarrid,Yakobowitch,8/20/1950,Q11z3fuV8x9oKwH,4867570091,9/9/1970
0000000016,Zsazsa,Ayerst,8/26/1950,syDfQSL1zVZpRL4,8537362453,10/8/1970
0000000017,Andreana,Beeken,10/8/1950,iChaEZkOyJvOOyf,5321043621,11/6/1970
0000000018,Darla,Hitcham,10/14/1950,77D3icm33J23f38,7242011802,11/17/1970
0000000019,Daveta,Daughton,11/21/1950,Jr82zh8NKH8DqnF,3303233484,11/21/1970
0000000020,Angelo,Marshall,12/29/1950,Q6lSo0Lp0qBeNh6,9813699089,11/27/1970
0000000021,Rustie,Larcher,1/23/1951,Um5zYy859sRxp0i,8331640785,12/16/1970
0000000022,Barnaby,Gair,2/14/1951,B7TCKLGoIOTRFGA,6114706008,12/22/1970
0000000023,Erv,Shelsher,2/26/1951,sPzdkmdXTA8v8ww,4993045988,12/23/1970
0000000024,Ellwood,Dash,2/28/1951,hF4iUHl0d1zmdO2,6542971761,1/8/1971
0000000025,Florentia,Firebrace,6/4/1951,P1jj5NkZ1Yf2fLR,2299961444,2/1/1971
0000000026,Claire,Levesque,6/17/1951,FMxn6WvRUszWPWj,5451691437,4/3/1971
0000000027,Jenine,Wynter,6/25/1951,SSxCWqIwweNEPlH,7896805002,4/17/1971
0000000028,George,Sikorsky,7/4/1951,miC1RbPN0WZZIBg,3395694134,4/19/1971
0000000029,Zarla,Ebdin,8/14/1951,WlpVuCKSGPecLAv,3377106257,5/29/1971
0000000030,Charissa,Wragge,8/16/1951,RYAsnVRKZba9RYt,9659264629,6/7/1971
0000000031,Joachim,Worviell,9/7/1951,svByfag9NHGey47,7107161539,6/27/1971
0000000032,Jeana,Bluschke,9/9/1951,lJWk6xFqYVVAmCQ,1133930616,6/29/1971
0000000033,Meade,Finnis,9/16/1951,Chtf8212yiJ7SOk,3899370860,7/27/1971
0000000034,Pooh,McOnie,9/27/1951,a7TpMJngdw7ki2z,3934709564,8/30/1971
0000000035,Junie,Humbell,10/2/1951,aOrjzQrywm4bnPG,7319660679,9/15/1971
0000000036,Karisa,Velten,11/6/1951,rNvnoyjlBy27zXn,9487469137,10/25/1971
0000000037,Michelle,Wheldon,11/14/1951,siKBScpOeK3lpMY,8913341783,12/5/1971
0000000038,Josefina,Petch,12/25/1951,LN5e92joajRXD2B,5828159560,1/1/1972
0000000039,Matias,Steger,1/2/1952,ZQW1CfS6DiRFrSq,4448545415,1/1/1972
0000000040,Anne,Ladley,1/10/1952,Bsb1cOLzjZHL2WH,4769895348,1/14/1972
0000000041,Guss,Tows,2/14/1952,wSgQRmkpGr5w6aE,1056095730,1/27/1972
0000000042,Cathy,Schulke,3/23/1952,E0jZjhJNeD1i7TL,3651584602,2/7/1972
0000000043,Traver,Mapson,4/9/1952,VLnbL87XNJBptAz,6701218667,3/13/1972
0000000044,Krystle,Nolton,4/22/1952,LROjMYjhZMqIGzv,4545116809,4/16/1972
0000000045,Poppy,Beevis,5/6/1952,ZZ9HtMHRcYGBFVP,1599610304,4/25/1972
0000000046,Drucill,Hubatsch,5/18/1952,wQ7jhv7ZeD9VXNY,6662258255,5/1/1972
0000000047,Aundrea,Foskett,5/28/1952,CAb3uyQfaoSSGHy,7998441539,5/21/1972
0000000048,Jean,Romanelli,6/20/1952,4sX8selaRdKq2dR,8698914782,7/13/1972
0000000049,Chas,Hallgate,6/30/1952,IY4SoqmKHrYhV9v,7247809972,7/27/1972
0000000050,Sorcha,Jagson,9/11/1952,xy0W7lsjfN7D512,5084135044,8/27/1972
0000000051,Ruthe,Hemstead,9/29/1952,GkDRiNZIdg4MH7P,2318117083,9/28/1972
0000000052,Shanda,Leindecker,11/9/1952,zNYc1U485InERHX,8431099719,12/1/1972
0000000053,Pennie,Berrigan,11/20/1952,JBFcHl7PiHOOBp1,6163668986,1/22/1973
0000000054,Hope,Gandrich,11/28/1952,cG8dONvFTQRy2NU,8986958340,1/25/1973
0000000055,Rene,Sackett,12/5/1952,fOWpfHLdBBP2jRC,6255589687,2/3/1973
0000000056,Joete,Mabson,12/12/1952,rlXomUdoa0ArYPp,8471691256,3/2/1973
0000000057,Talyah,Baudoux,1/17/1953,itEv7MvAucBRd8k,7657202635,4/4/1973
0000000058,Adolphus,Lemm,2/15/1953,Q6VS4RJoCcgL6wq,7153243919,5/1/1973
0000000059,Ulrike,Gilbee,3/26/1953,cYzh8m9K1yrrSWg,5831668883,5/1/1973
0000000060,Christabel,Rapa,4/30/1953,5PVq0JrWrmqgcug,1897162864,5/19/1973
0000000061,Basilius,Hintze,5/14/1953,gjZdG7FyCxnkdF3,2086159678,6/28/1973
0000000062,Katherina,Hughill,6/11/1953,OquGSydkyazqchU,6627321262,6/28/1973
0000000063,Bartlett,Sunnucks,6/16/1953,aXH6aMetgFhCKad,3125587972,7/6/1973
0000000064,Kristina,De Hooch,6/25/1953,eGyEXDg9yIuFnS5,5601290568,7/6/1973
0000000065,Prissie,Joyson,6/29/1953,r6DxK0RYwOdLU4M,8954873507,7/20/1973
0000000066,Shelby,Dye,7/15/1953,C6FUSbD0ANx0380,5423587711,8/5/1973
0000000067,Ola,Blasl,8/12/1953,TrfGC43dPmragBu,3109306189,8/30/1973
0000000068,Max,Breach,9/15/1953,qg5Ba6hALmm9zeo,5093237050,9/4/1973
0000000069,Rip,Malpas,9/24/1953,2hXsmeMtwyVw6vg,3167694928,11/5/1973
0000000070,Jennica,Garshore,9/28/1953,Rxex3Hekg1kV7Jl,8834887087,11/6/1973
0000000071,Ignacius,Corston,9/30/1953,W97bK79aEtjWIKC,4925442361,12/21/1973
0000000072,Uriel,Gosland,10/25/1953,zQEHkSkevjueUbA,1159618294,1/15/1974
0000000073,Gilli,Kennerley,12/2/1953,oD4B9ABN5iZ8JKd,3613549273,1/31/1974
0000000074,Dolly,Boullen,12/6/1953,2RPsHQWFDUSbJYY,1289118831,2/3/1974
0000000075,Janenna,Skeene,12/19/1953,6cwXIwZmS3fdIHZ,7106339649,2/6/1974
0000000076,Frederico,Cardenosa,12/21/1953,pO40JC7igwawyFl,2711108661,2/20/1974
0000000077,Mirabel,Tadlow,12/23/1953,P7lSxs1E4xoglIx,2405739114,3/22/1974
0000000078,Lovell,Kentwell,1/27/1954,Wf4uI8XvySWxoA5,6251727414,6/19/1974
0000000079,Anette,Hollow,2/2/1954,s551SSSsCij1p7K,9068046707,6/23/1974
0000000080,Danika,Casserley,2/4/1954,GtUgB06wuiYzGOZ,1375481756,7/2/1974
0000000081,Barbara,Kinkead,2/10/1954,h8UkdqUSjF4sBdw,1423615161,7/10/1974
0000000082,Veriee,Renoden,2/12/1954,uZgCNduSoqb75K9,9463463656,9/4/1974
0000000083,Caspar,Imm,2/14/1954,ZwigHeoOsXNy4q5,1278546268,10/26/1974
0000000084,Jaimie,Doddemeade,2/19/1954,MBS69CxVUoFLqov,8768070496,11/2/1974
0000000085,Evy,Sonley,2/20/1954,PeJiX47Kf9WC1Jl,3313553117,1/22/1975
0000000086,Loraine,Stellman,3/26/1954,U2ji9hDL9OONTpc,9655037661,2/10/1975
0000000087,Perkin,MacNockater,3/27/1954,AqgXXYQ1LQ6BsMZ,5406314194,2/20/1975
0000000088,Helen,Nusche,4/8/1954,l688k2txwen8qOD,3686911793,3/15/1975
0000000089,Estella,Rubinowitz,5/13/1954,BraFzfmguVnQVqz,6456727180,4/3/1975
0000000090,Abe,Cretney,5/29/1954,mNYnogZSGHMku2v,3475163030,6/1/1975
0000000091,Tally,Merrell,5/30/1954,cDLQoQotWkAtdoG,9071390079,6/11/1975
0000000092,Rodrigo,Rimmington,6/13/1954,Xua5SaI8Y4Jb1c5,5098600044,6/24/1975
0000000093,Cherilyn,Hasluck,6/15/1954,fWAUrHz0IsNsIe7,7435260180,7/11/1975
0000000094,Tabbatha,Aspland,7/2/1954,hd4ikSIOSBbFNsL,4893440133,7/12/1975
0000000095,Filberto,Gorey,8/24/1954,k5xdjs9ZnG6mXPm,3641686659,8/23/1975
0000000096,Wallas,Gwinnell,9/11/1954,u278rnoOZLlYd5Q,4285646663,10/25/1975
0000000097,Staci,Briton,9/19/1954,k1JCZ1FwbxVuCzh,2368489199,11/6/1975
0000000098,Iago,Sandbrook,10/3/1954,6qI3hu8YCBZkVNn,9346632137,1/27/1976
0000000099,Rubina,Chopping,10/22/1954,vGPYcJt6T5dV11T,4341998106,2/10/1976
0000000100,Dacey,Yakhin,10/23/1954,5wqvj6BvUfmzCmI,6385131438,2/12/1976
0000000101,Skipper,Blazdell,10/27/1954,F1ujscLnMypo1Sm,6209539750,3/2/1976
0000000102,Kathrine,Howcroft,12/7/1954,UcSfVEtQ2P7hpu3,9302682141,3/18/1976
0000000103,Blake,Flude,12/12/1954,KUPyCA533yrjkF1,4928904466,4/19/1976
0000000104,Minor,Jerosch,12/28/1954,zQ9YjO3xfhpWUmN,1997796982,4/23/1976
0000000105,Marlie,Munden,2/21/1955,UJjy2KPljJbHs7v,1309281125,4/27/1976
0000000106,Walden,Debrick,2/27/1955,FCjGgVCw3bwKbk3,6843520899,7/24/1976
0000000107,Karine,Titmus,3/18/1955,I54LC2jIE6XOcM6,4176225142,8/7/1976
0000000108,Griz,McVaugh,3/19/1955,iseG4K1aalmPXhI,3058927607,10/3/1976
0000000109,Maxim,Patshull,4/5/1955,wRw5krBsbRzKzMn,3471125328,10/5/1976
0000000110,Fidel,Bircher,6/6/1955,6zemKvnqxDlj81N,6642407971,10/8/1976
0000000111,Standford,Kilalea,6/12/1955,iqf3PTLScxkzw3Y,2799557994,10/10/1976
0000000112,Allison,Perassi,7/2/1955,ey74XlhFlh04nbK,8403197568,10/24/1976
0000000113,Katrinka,Reah,7/9/1955,FyCPH0EGaro3eG1,3195083000,12/20/1976
0000000114,Lianna,Dunsmore,8/1/1955,YxTumjS1Nhttz1Y,6639735291,12/22/1976
0000000115,Willa,Huntingdon,8/5/1955,khn7gStJEOrDkZn,9415232082,3/25/1977
0000000116,Benoite,Britzius,8/11/1955,jQQOecmpv5uWLC9,9455745193,4/23/1977
0000000117,Romonda,Jozwik,8/26/1955,KbDJLcpsEv625Do,6042304927,5/19/1977
0000000118,Hazel,Smorthit,10/20/1955,K8Aznp3QpYu5fav,5571556212,5/21/1977
0000000119,Chip,Patroni,11/16/1955,MuPOgHGxAYksebA,5597451753,5/23/1977
0000000120,Darda,Gobourn,12/2/1955,8un2XeUxRAsB52j,6338804124,6/3/1977
0000000121,Fielding,Hatton,12/21/1955,kimuDUhvdPw3eO0,4435116448,6/14/1977
0000000122,Mair,Logue,12/24/1955,LKxJT6j6VIv2seE,2886622069,6/18/1977
0000000123,Jessalyn,Le Lievre,1/10/1956,zhMRWRwQeozKjlx,6591245676,7/19/1977
0000000124,Brok,Matchett,1/31/1956,ik64hIASnv1vA9P,2416687113,8/21/1977
0000000125,Orella,Coolbear,2/4/1956,nlzSuVoD5iSBBaA,9417171556,9/3/1977
0000000126,Greg,Doornbos,3/7/1956,qcqs7nhIvutgEzb,4259161691,9/15/1977
0000000127,Kenn,Beeden,3/19/1956,P2BX24udHr82lC2,4604963197,10/3/1977
0000000128,Kalila,Andric,3/24/1956,PPaSIRWXr3DLH9i,4191290688,10/26/1977
0000000129,Frazier,Hurry,4/3/1956,erTkWJzXyEsEpFA,6347557731,11/4/1977
0000000130,Lorilyn,Welbelove,4/3/1956,dSQFuQ4pbthZ0Ql,8075085467,11/4/1977
0000000131,Stacie,Gobolos,4/24/1956,T6F4JyJLjLTDEAH,8494954664,11/28/1977
0000000132,Meade,Moreman,4/24/1956,mntK6JKnaTRlqQ2,1117438422,12/23/1977
0000000133,Zane,Smogur,7/13/1956,G0iCG5zl3MifAmG,8156220203,2/3/1978
0000000134,Pasquale,Bratchell,8/5/1956,DrfMu31SDEDGrK0,8318348855,2/4/1978
0000000135,Lilly,Harmon,8/9/1956,N9zzqXvlgUkgjut,1991756382,2/18/1978
0000000136,Massimiliano,Haestier,8/13/1956,qNlbNR3x7jNGBDD,6292285351,3/5/1978
0000000137,Hattie,Sausman,8/14/1956,XtR4uVSxFTNgaui,7922563054,3/10/1978
0000000138,Davine,Eloi,10/17/1956,60b0Od5SjGrk6vJ,8633203445,3/11/1978
0000000139,Timofei,Siddell,10/20/1956,nSpZhgNwT9PbXcT,4922317397,4/11/1978
0000000140,Kristopher,Huertas,10/22/1956,VKgPya1T6rHqHFw,6175058854,4/16/1978
0000000141,Saul,Chainey,11/6/1956,VTcyPZNt4WoWsx6,9624182309,4/30/1978
0000000142,Amberly,Tibbetts,12/14/1956,3IiOIr9j8jyxwDk,4932652495,5/23/1978
0000000143,Theresina,Castillou,12/23/1956,HdhgG1WM8jUnwqO,1893550165,5/24/1978
0000000144,Pablo,Greedy,12/26/1956,eCsExRmNcKNjr8u,8487620564,6/7/1978
0000000145,Garvy,Yeliashev,1/6/1957,IqZ41BAuiDkbj9h,3256598707,7/13/1978
0000000146,Dixie,Hess,1/8/1957,l4QjJADXNMRRmWm,5794512991,7/16/1978
0000000147,Angel,Trapp,1/17/1957,LTMECo9yAYRWzzV,3944158517,7/16/1978
0000000148,Arlee,Gillman,1/30/1957,N32W4BiKFiRMqbX,6125996211,8/24/1978
0000000149,Olympia,Grint,2/7/1957,xHNy6lu8kO0B9mV,8315977300,9/17/1978
0000000150,Nana,Biddle,3/3/1957,nc4woxHuwZXjYnS,5118744883,9/17/1978
0000000151,Merna,Meron,3/18/1957,XWHW2y5zSDJwBh7,8809846955,9/18/1978
0000000152,Elnar,Roden,3/30/1957,Rb6q3ICR5MvE0Bo,9389228318,9/21/1978
0000000153,Lesley,Hedin,5/23/1957,quTUo1H8DNzzHiw,6179950101,10/15/1978
0000000154,Dick,Burke,7/18/1957,S3UPPtCwT9RXs6P,7497475767,10/30/1978
0000000155,Benn,Timperley,7/22/1957,iSU2U3n1Bqn9Z2H,5919040079,11/6/1978
0000000156,Thomas,Vassman,7/24/1957,o926rXY24O9wIH6,5725312707,11/20/1978
0000000157,Tulley,Lindenblatt,8/5/1957,Oc4ghoUoV0PH8Ao,2587730347,12/5/1978
0000000158,Raquel,Olenov,9/11/1957,U32YqYTEJXqjrA7,3928600777,12/14/1978
0000000159,Miguelita,O'Brien,9/15/1957,O9LNbfQzJtxILBz,6451830199,12/19/1978
0000000160,Bryce,Eliassen,9/25/1957,v8O6pplTNmgJBN6,9331125991,1/12/1979
0000000161,Consolata,Jennins,10/6/1957,MiiUa3OENH6lic0,2649319525,3/17/1979
0000000162,Shoshanna,Volker,10/26/1957,ZzCG01ojaBMUvrE,7435851567,3/19/1979
0000000163,Waylen,Winkett,11/5/1957,7O4mVvRPV7Hr1db,5589741980,4/16/1979
0000000164,Pete,Gallanders,11/6/1957,QdDcgSJL5yvq0Wr,6895223545,4/23/1979
0000000165,Jillana,O'Brian,11/20/1957,qIJVyySDchIDogK,3466694177,5/2/1979
0000000166,Dorie,Gawkroge,12/27/1957,rsWaV3aYUezTtV0,8181716684,5/27/1979
0000000167,Petrina,Burmaster,1/19/1958,4iO79eIwHp7jA3a,3134993585,6/2/1979
0000000168,Beatriz,Monnery,1/22/1958,hnTdkOf71fJjc3D,4919188146,6/29/1979
0000000169,Lionello,Indgs,2/19/1958,8SBVuPywelAk2Jm,1869587602,7/22/1979
0000000170,Jocko,Osgarby,2/20/1958,RWo49pJ3yGKVtBt,6589519993,7/26/1979
0000000171,Gorden,Neiland,3/1/1958,2hRDyAKMYfBs1DK,2415269194,8/20/1979
0000000172,Stacy,Clopton,3/16/1958,PQgz24dQ95bKMjR,1021007682,8/21/1979
0000000173,Sharyl,Kores,4/2/1958,f4fQtEYXzblpCDI,8883760225,8/22/1979
0000000174,Erika,Beagan,5/3/1958,TYT8XRU2rq8Yk1B,8923826149,9/22/1979
0000000175,Wilow,Maltster,5/3/1958,emAapNZ2pupjQnV,7337829194,10/11/1979
0000000176,Davide,Hoston,5/5/1958,j6qKgwjbkAlAPuW,9648390664,10/23/1979
0000000177,Jermain,Venditto,6/7/1958,2OLplHtkfPz7MHD,3623049616,11/13/1979
0000000178,Lillis,Mulhill,6/21/1958,wXRRCbuEr2RdkMY,6619313982,12/4/1979
0000000179,Oralla,Innerstone,7/1/1958,akaeRz9NYXFlVku,8793192990,12/13/1979
0000000180,Conny,Siggin,7/11/1958,vEJe1D2v4wNNdFF,9391861357,1/31/1980
0000000181,Waldemar,Ibel,7/14/1958,0e5zoExAw0RkbVU,1261318197,2/15/1980
0000000182,Marley,Kingston,7/16/1958,vhEtBLMHZAPQLi5,8077653516,2/23/1980
0000000183,Chaddy,Cassius,8/7/1958,0qL9aobTNalZbEM,6225675555,3/9/1980
0000000184,Danila,Bradock,10/5/1958,0QZYH89gNVY7Pth,5677925692,3/20/1980
0000000185,Garner,Quakley,10/22/1958,yLZElx9sXcsYkhQ,8831494115,4/7/1980
0000000186,Harald,Adamini,12/30/1958,WjumhvOO4tPkLGR,3536463796,4/7/1980
0000000187,Sheridan,Allsupp,1/14/1959,yNOjAkzgl2iTBZa,3482255250,4/30/1980
0000000188,Amye,Sudell,1/30/1959,zLdvqYkhlAPJwq6,1356149058,5/4/1980
0000000189,Luciano,Newson,2/5/1959,LwlrJdQMMNgDeJ0,4907838742,5/7/1980
0000000190,Kimbra,Slamaker,2/17/1959,ksuM22vZ3T8EA3Q,7562960890,5/8/1980
0000000191,Oliviero,Roylance,2/19/1959,bOOC0QqFs6qHn43,9013867854,5/17/1980
0000000192,Nara,Sharrock,2/23/1959,W1dTT2sMtGMZTZc,1515018142,6/11/1980
0000000193,Marijn,Rainey,3/10/1959,VOvHay0ju3C1Grf,5766761324,6/26/1980
0000000194,Sandor,Fleisch,3/31/1959,6po4MudToxObnwN,4527964023,6/30/1980
0000000195,Ignazio,Pizey,4/10/1959,I6sOeZdiVtGC0D7,7961618882,7/23/1980
0000000196,Jodee,Ofen,4/15/1959,vwFpcKpJQKUTYn0,8961146952,8/12/1980
0000000197,Glory,Bagenal,6/14/1959,TCASkNC7vZ9mrYr,4329227503,8/17/1980
0000000198,Jason,Battabee,6/22/1959,DSwI032M983QsWk,7641119313,8/19/1980
0000000199,Barbara,O'Noland,6/28/1959,EUW9OiIjPWB9Ele,8994602523,11/4/1980
0000000200,Estrella,Casiero,7/6/1959,SlCZIIjHmLkJg3w,5322914059,11/23/1980
0000000201,Gregor,Seven,7/20/1959,iwwwGx5uX3NgvDy,2246448875,11/30/1980
0000000202,Dorothee,Sibthorpe,8/7/1959,DIpAp04aTxr9QUw,9581872779,12/8/1980
0000000203,Dalli,Crumb,9/12/1959,O3638wFHuPrc5w5,7717392843,1/24/1981
0000000204,Jaimie,Raoux,9/28/1959,vSBjSL2xzJD8Ngz,5478749425,2/15/1981
0000000205,Bay,Abrahamoff,12/24/1959,dtLHTqCFp8mXpSt,8087346590,3/2/1981
0000000206,Daryn,Cater,1/8/1960,2DgdJUZymZ7TZwK,2316206251,3/6/1981
0000000207,Cosette,Gwinn,2/18/1960,zj2bivxV9tn2vgS,2145333898,3/26/1981
0000000208,Aliza,Simeoli,2/26/1960,QJayRBEEVT8kuDh,3152266386,5/3/1981
0000000209,Brynne,Mawhinney,2/27/1960,xQilqHJawiygvJh,1972387106,5/5/1981
0000000210,Fawnia,Harkus,3/15/1960,BTwc9N1NBPxwWLg,3894128750,5/27/1981
0000000211,Cherry,Rochester,5/22/1960,eoz2AAdT0vTYfcz,3314209172,8/1/1981
0000000212,Harwell,Fowlestone,6/15/1960,E43e0aeJ0iIZp9U,3138974388,8/24/1981
0000000213,Gilburt,Staite,7/21/1960,JJCPCIUbF5QXK3T,5065099207,10/11/1981
0000000214,Nissa,Nattriss,7/24/1960,VojCPB5WcfUkuSS,9422476265,10/20/1981
0000000215,Marjy,Crippill,7/25/1960,NE92UbmUhWLkEJa,9496848238,11/6/1981
0000000216,Amos,Crake,8/4/1960,nHF6G0QWLfev9dc,3477603663,11/13/1981
0000000217,Keane,Braham,8/28/1960,Sie2I3m8YI3yVL7,5037887530,11/30/1981
0000000218,Ginni,Mumbeson,8/28/1960,2DHAgbxSABPPNy2,8535030893,1/24/1982
0000000219,Giovanni,Cheetam,10/10/1960,ZP188WsKRsSjIMg,8118046573,2/11/1982
0000000220,Janina,Lerigo,10/13/1960,rJlUZtxCbjpcEvJ,7392734008,2/12/1982
0000000221,Rickert,Blenkinsop,10/25/1960,uT6QHZDan05qffV,4085205063,2/23/1982
0000000222,Haven,Gonsalvo,11/24/1960,Dbct59aepyPzcAN,7151792291,6/9/1982
0000000223,Sanderson,D' Angelo,11/25/1960,Jy53EQD1GrZ4QpE,9848658656,7/7/1982
0000000224,Costanza,Piscot,12/19/1960,BjhaiEdGkC5gz8s,1888314772,9/14/1982
0000000225,Kameko,Vain,12/26/1960,oeUunEgVTa6sv2P,3025040839,9/29/1982
0000000226,Fletch,Denerley,1/13/1961,UfBxvg91fohLGsK,3993968251,10/10/1982
0000000227,Wrennie,Tourne,1/28/1961,jw644pNGRLSYmYG,4626740928,11/1/1982
0000000228,Gavan,Kimbley,2/18/1961,6b1aMoovMrwHTkO,9434005052,11/9/1982
0000000229,Cassie,Gut,4/5/1961,pGKDiVQKll8UA7g,5395675807,11/13/1982
0000000230,Joshia,Wigan,4/9/1961,ouWvmNEyJoTqI8l,5669568865,11/19/1982
0000000231,Tanny,Fallen,4/28/1961,7VqWBtXG9Nu1B27,2023544722,11/28/1982
0000000232,Franky,Northfield,5/25/1961,tLlD1ieK6CxXZQA,1535874874,12/11/1982
0000000233,Modestia,Maple,5/27/1961,xQyVwEd5AS5wZ35,4765069644,12/27/1982
0000000234,Sharlene,Timberlake,5/28/1961,poaablCU9YzsSSu,7858372459,1/17/1983
0000000235,Margie,Loghan,7/30/1961,DIinUsZpr4KuOII,1641973500,1/29/1983
0000000236,Astra,Loadman,8/6/1961,UsCcDD55ed8YmBf,1111526392,2/6/1983
0000000237,Serena,Raise,8/15/1961,KLk2QlS5wePnfMI,8433422046,3/14/1983
0000000238,Charlene,Dehn,8/25/1961,9B2A2cMiwVjnxZr,4912966480,3/23/1983
0000000239,Kennie,Poll,9/14/1961,xDWhUisTo2inBVm,2236504616,4/15/1983
0000000240,Renado,Draysay,9/23/1961,WEqVhVkTVRfXbtN,7891187796,4/27/1983
0000000241,Cyrille,Middler,11/17/1961,9i6cPWpDCXMmWVl,8853470384,5/4/1983
0000000242,Sharona,Pye,11/17/1961,gwLEZh71chEF9ST,7635840557,5/22/1983
0000000243,Hartley,Monahan,2/1/1962,BvRFPwzWss3a18W,6116809105,5/29/1983
0000000244,Rudy,Lillo,3/8/1962,pWK3ncPAnTmqekp,2025657124,7/13/1983
0000000245,Chandler,Andryushin,3/23/1962,qyLYPlRNtNe5fzn,2753702880,8/27/1983
0000000246,Oneida,Custed,3/30/1962,n0ZnZIuPo5nhQHc,8185225879,9/29/1983
0000000247,Sande,Dyster,4/17/1962,WGvzxPEAAG9sSlK,3294625150,11/21/1983
0000000248,Rob,Massingberd,4/23/1962,vg7Ezm8jPVf9Mvd,3107534226,12/3/1983
0000000249,Romola,Kenningham,5/2/1962,Ba7G2FmnaGpqCPw,4393263145,12/6/1983
0000000250,Caddric,Sieghart,5/16/1962,EDkVqciuU2l3Wyz,8072920983,12/31/1983
0000000251,Stinky,Kopf,5/20/1962,ooaEmCK6sxbaFLT,2957069069,1/7/1984
0000000252,Andreana,Josofovitz,5/21/1962,req2vCZZLYzLiH6,4862007177,1/18/1984
0000000253,Dianne,Clemson,5/28/1962,O6xnFa0vIhpP2LI,8943072364,1/30/1984
0000000254,Ingunna,Levecque,5/31/1962,0Ok4ZGnjMvLKMIc,5756597140,2/10/1984
0000000255,Dita,Hulstrom,5/31/1962,9MAx5j4U4J2byRv,2743593475,4/2/1984
0000000256,Constancy,Upshall,6/18/1962,FZdHIEP1W84dCS9,8584803610,4/4/1984
0000000257,Pen,Casiero,7/24/1962,zGO6X7LtvdEs027,4263204304,6/3/1984
0000000258,Si,Merrison,9/30/1962,JtDSIyLn4mV0bp8,5787577312,6/12/1984
0000000259,Fidela,Elloway,10/2/1962,9rdmzNXDdBz0ymo,9453749419,6/19/1984
0000000260,Kaitlyn,O'Lochan,11/5/1962,42h6TyPGEaE8taz,6064975068,8/12/1984
0000000261,Josi,Brauninger,12/17/1962,aM6izevwZlbp0Cc,8334000984,8/15/1984
0000000262,Earvin,Broader,1/23/1963,pL0fDkqtIusuG48,2583673349,10/11/1984
0000000263,Halley,Abbess,1/30/1963,Xo0kYlMk7xfWaMD,2664233367,10/14/1984
0000000264,Keslie,Troctor,2/7/1963,tp4HhUBHzzP1GAA,3136132414,11/5/1984
0000000265,Ketti,Benardette,2/22/1963,LOBUoMMftk9ShJW,2799000080,11/15/1984
0000000266,Steffie,Yoakley,3/4/1963,oZxe8uQLuVgASib,5616272775,11/16/1984
0000000267,Otho,Gilstin,4/7/1963,nI34ElKPmZFo31h,3798231797,11/21/1984
0000000268,Marybeth,Keeffe,4/29/1963,fMubEeCAs6hhmij,9496219533,11/24/1984
0000000269,Wadsworth,Beneze,5/14/1963,nrn5YjPib38af6i,4637469413,11/30/1984
0000000270,Carrol,Goddman,5/21/1963,mUPTQtchrAxMD80,6071746583,12/4/1984
0000000271,Osbourn,Sainteau,5/25/1963,oYx4yDCxedLZ70J,9173172722,12/9/1984
0000000272,Damaris,Forrestall,6/13/1963,UqCoZ5TnNGdeUNr,9507450506,12/15/1984
0000000273,Georgette,Snelgar,6/21/1963,rg9uxBStDJQOjNY,7871292004,1/16/1985
0000000274,Eugene,Griss,6/24/1963,e6tE9llAqv86z0x,9652654571,3/3/1985
0000000275,Sue,McNirlan,7/18/1963,nzo03Kic8Q903G4,2348105983,3/13/1985
0000000276,Millie,Davitt,7/30/1963,h9jlD63kqcd1f0F,8247073289,3/23/1985
0000000277,Andree,Attwood,7/30/1963,O5uvRm6hcbfSj3w,8394709255,3/31/1985
0000000278,Fallon,Greaves,10/15/1963,8cKrlipuEwRj7TO,7135917148,4/4/1985
0000000279,Jamima,Innwood,11/19/1963,20gINS1DSl3bMoV,6938774343,4/6/1985
0000000280,Davidson,Lippett,12/30/1963,Vvdf3eSzick5TXt,9678458734,6/19/1985
0000000281,Juline,Percifer,1/10/1964,NYRwfokDge1Aexq,7728037688,6/20/1985
0000000282,Paolo,Chestnut,1/13/1964,CONEhY6T9LOYRSY,4774848587,7/9/1985
0000000283,Luisa,Pogg,1/18/1964,dHGXG7BBwhhhtyQ,5836269104,8/13/1985
0000000284,Carol-jean,Mithun,2/19/1964,cHZznRhklMHeugP,8598125856,8/23/1985
0000000285,Petr,Errey,3/4/1964,cOJcx3HCr1N3POe,4791116615,9/7/1985
0000000286,Henka,Shrimplin,3/10/1964,lhXOFtQPF7H5CgG,3112346959,9/15/1985
0000000287,Karyn,Mothersdale,3/15/1964,wqpJq1uEDCxmK3r,9396606032,10/13/1985
0000000288,Quent,Duggon,3/19/1964,AROGHVeAAwMqQiT,6194725590,11/26/1985
0000000289,Carey,Gillingham,4/20/1964,l7lvp29qf4n2bnq,1538059439,12/24/1985
0000000290,Robina,Whatman,4/30/1964,UdPENeao8gtRZNa,6174623708,1/6/1986
0000000291,Alison,Grose,6/13/1964,MsDK6ksmeNGRxEg,2513475026,2/22/1986
0000000292,Hester,Elcy,6/27/1964,gexh28QrIq7R6uP,2512404310,2/24/1986
0000000293,Diana,Jerche,7/23/1964,b5rfdxRiUv54458,3812941523,3/9/1986
0000000294,Tyson,Blogg,8/4/1964,aoba2gf7Dy0ZmxG,5924709271,3/15/1986
0000000295,Randall,Harnell,8/23/1964,ww5SwgvxruCdTqR,7485758574,4/26/1986
0000000296,Frances,Saltsberg,10/19/1964,2RWtJEtFHBp320U,7292731232,5/16/1986
0000000297,Homer,Belk,10/23/1964,i2i43BbNrcZpcIc,9636520879,5/16/1986
0000000298,Stafford,Gavozzi,12/20/1964,tpYP9EHQ3dqxfK4,5682540255,5/21/1986
0000000299,Sashenka,Cote,12/23/1964,VncxVreNoTQ3ez3,4222408856,5/28/1986
0000000300,Kati,MacAloren,2/4/1965,V2mnSb7KCWWMvcJ,5685864693,7/5/1986
0000000301,Morrie,Kybert,2/23/1965,95UcYbep26jmeZ5,1663158318,7/23/1986
0000000302,Bel,de Castelain,3/9/1965,vaHUaFGCGKMpaLV,1034388320,8/28/1986
0000000303,Pennie,Lewsie,3/10/1965,6wy33DmnSFyuW8w,9124881156,9/11/1986
0000000304,Kath,Treagust,4/4/1965,tyySqXvD6YXY0iz,4025999798,9/19/1986
0000000305,Aindrea,Ensley,4/23/1965,o7IxGGqYqz9MTMC,3868076129,10/14/1986
0000000306,Coralie,Lightbowne,5/7/1965,DOFuWcuqxgjGNQg,9107646352,10/27/1986
0000000307,Verina,Pallasch,5/19/1965,hyg7H741ULSZeKD,9938460725,11/25/1986
0000000308,Read,Swinburn,5/27/1965,fsLBHpVzZtEV6cD,3847658700,12/17/1986
0000000309,Errick,Seavers,6/30/1965,VM3vvSXj3LvNzGS,9236895103,1/3/1987
0000000310,Cordi,Ranyell,8/4/1965,eoaja5SpGm39LBu,6575969877,1/18/1987
0000000311,Rudie,Mournian,8/10/1965,XY7CTIWMOgJlCwK,3034907366,2/9/1987
0000000312,Maynard,Feander,8/14/1965,icU2Aj88G2XroJK,9205631742,2/11/1987
0000000313,Crystal,Lilly,8/27/1965,ZFAJRLf8OiszPQz,6768801591,3/16/1987
0000000314,Lisle,Livermore,9/8/1965,AjXcmKioFiMMblO,9111131146,5/16/1987
0000000315,Emmit,Noteyoung,9/25/1965,qlpHOzsFswqkWJB,6492497504,5/17/1987
0000000316,Gates,MacRinn,10/25/1965,0tKopVLhq9GTfJg,5821049288,7/1/1987
0000000317,Reggy,Sent,10/29/1965,OsDVqa0MXwcoDZW,8722776506,8/2/1987
0000000318,Delainey,Smallpeice,11/23/1965,ElVc7RQ6qzjLzFN,1437372763,8/28/1987
0000000319,Eileen,Alderwick,11/28/1965,IyQhbZ0OA7TSu5z,3641652796,9/19/1987
0000000320,Murray,Chieze,12/11/1965,nRrDxjEarSPXb2a,9383945727,9/20/1987
0000000321,Rebecca,Eustice,12/21/1965,bpBOhMUt3K5sSNe,4607068113,9/27/1987
0000000322,Winny,Adamczyk,12/29/1965,vyJfraHfvqrTYEq,7528032861,10/14/1987
0000000323,Grove,Joinson,1/1/1966,x7qYa9RorX98PjX,8493960161,10/15/1987
0000000324,Kalinda,Dudbridge,1/1/1966,x2HuRsvQBUEi2xR,2435222841,10/17/1987
0000000325,Bev,Paull,1/31/1966,UbjE7kuVq1gXUld,3233412536,10/25/1987
0000000326,Jillene,Esser,2/4/1966,RKnPPS2uHffeiYv,5743006730,11/5/1987
0000000327,Jacklyn,Neilan,2/17/1966,iXOoqCFlOjqayx3,7977355836,11/22/1987
0000000328,Sacha,Patel,5/17/1966,3wwmDFys0pvu0GD,8567282063,11/26/1987
0000000329,Amitie,Marchent,5/28/1966,43iPxBFXNuzo1JU,8528168705,12/30/1987
0000000330,Dede,Proffitt,5/31/1966,7727cN7Q1YYIDU7,9213330653,1/26/1988
0000000331,Livy,Huxter,7/25/1966,2vT2A1rfBPtWZt5,5142754984,2/20/1988
0000000332,Linette,Fer,8/8/1966,5183fqlT6FA46YC,3275207511,3/27/1988
0000000333,Levin,Aimable,8/11/1966,df3KRAkMONincB6,3654420821,4/24/1988
0000000334,Juieta,Feavers,9/2/1966,IQfA1mtMWYGQmMp,2896315943,5/20/1988
0000000335,Juliana,Jerisch,9/19/1966,SJpNahEFaZAZ2vV,1268997150,5/20/1988
0000000336,Oliy,Barthelet,10/1/1966,fVfOjbSXLR6m9cy,1645792315,5/28/1988
0000000337,Emmerich,Grummitt,10/1/1966,7SBE2sj0baqSP49,8819337234,5/31/1988
0000000338,Hewet,Wallice,10/4/1966,Wun1MMH0kUC16P0,6688417939,6/16/1988
0000000339,Petrina,Simon,12/8/1966,HijazRvjOP96KJq,9663757098,7/13/1988
0000000340,Hattie,Triggs,12/19/1966,08vjHUE4bZqxBkK,1679945016,7/15/1988
0000000341,Nicolette,Quartley,1/19/1967,47LxgHFUzdjHgtL,3507858368,8/2/1988
0000000342,Mendy,Biddle,2/20/1967,5ehxk772cA6G0HK,4712440276,9/12/1988
0000000343,Cybill,Volett,3/4/1967,CUCnvRaHq6FQ6bK,5286817243,9/20/1988
0000000344,Jenine,Attwooll,3/19/1967,Mvk8WPPNZkexYkq,8819670525,9/28/1988
0000000345,Caesar,Kleinhaut,4/15/1967,WnsKd7NlbGsJ9l0,1363083681,9/28/1988
0000000346,Deeanne,Breckell,5/26/1967,8PAbb5DZpZOKew8,1396918209,10/10/1988
0000000347,Zolly,Kemsley,6/4/1967,ZeexYU6lxKKhtHU,2155956817,11/12/1988
0000000348,Ginny,Castagnier,6/6/1967,iuUis5fU8GWZ9Km,7441870583,11/30/1988
0000000349,Andee,Crossingham,6/11/1967,WJ8b4vK4IO1hgKL,1017569474,12/9/1988
0000000350,Josefina,Samuels,6/13/1967,eRUdsdPshjPdidU,5687883920,2/4/1989
0000000351,Rori,Aimable,6/21/1967,OIlzQhsjFfUuTCi,1701082789,2/26/1989
0000000352,Kailey,Dahler,8/9/1967,eZhfEXWSNHQImtO,6143594525,3/9/1989
0000000353,Kimberli,Semble,9/2/1967,aabk3botNwgDl0s,8797077023,3/14/1989
0000000354,Cam,Heighton,10/10/1967,1gxKyxgWzN6sMgy,1845983097,3/16/1989
0000000355,Chad,Swayland,12/22/1967,yhXAmgUcXIEeR9J,9039796535,3/26/1989
0000000356,Tonie,Krystof,1/13/1968,nLU6WmWrodPQXe5,4142682775,3/27/1989
0000000357,Lorianne,Falkous,2/6/1968,0s8BaGp83DdeN1n,9194954920,3/27/1989
0000000358,Ricca,Widdicombe,4/12/1968,U5AaJznrglOKxzV,8256504949,4/2/1989
0000000359,Olia,Mustarde,4/15/1968,RyR8KnEZNNnzKlW,9248952570,5/25/1989
0000000360,Ward,Chavrin,6/5/1968,NC7s5Ugl1aLs6ql,3051349399,7/7/1989
0000000361,Joseito,Zorer,6/28/1968,mxEEWYNC4tkEzqG,4628897075,7/29/1989
0000000362,Evin,Aisthorpe,7/9/1968,BpGuYPi778N8Dsz,7056442253,8/6/1989
0000000363,Chas,Calverd,7/13/1968,7Cr178vJbwTyDVD,5265825666,8/18/1989
0000000364,Mollee,Van Hesteren,7/17/1968,pUclAqbCFrlxEnh,1742746598,9/26/1989
0000000365,Ally,Poulglais,8/29/1968,IOj8L5oIa6dwRpX,2527630225,9/27/1989
0000000366,Lorne,Pinnock,9/27/1968,8Fs1Zd0fbMHtePi,4283331330,10/4/1989
0000000367,Salomon,Lincey,10/8/1968,lOfCQxAeqRZ6XIa,7099955458,11/1/1989
0000000368,Leora,Bringloe,10/10/1968,jC6MB2gLGe8C5El,9312077164,11/25/1989
0000000369,Dwain,Drinkhill,11/8/1968,K9zsmXTOoMjsuJV,7702977603,11/26/1989
0000000370,Rena,Benech,11/28/1968,ssB8pG2axNmwyfT,1321635905,12/19/1989
0000000371,Ula,Aizlewood,3/10/1969,wPtnhUe6Xs7vHel,1026775474,1/26/1990
0000000372,Donavon,Perdue,3/11/1969,MBbfTI5NNaXLE8v,7152557652,2/17/1990
0000000373,Delphinia,Tolossi,3/17/1969,wDqf2A9HDlQ9ZM0,3883133391,3/6/1990
0000000374,Corina,Bannerman,4/2/1969,CadrAkM1ksftG1d,3451364862,3/19/1990
0000000375,Arvy,Courage,4/14/1969,WcUModDGaOaFL61,1486198796,3/20/1990
0000000376,Nicholas,Brown,4/23/1969,JDdE18aHtYALdko,3335155730,3/27/1990
0000000377,Libby,Suttle,5/2/1969,13ILU6QXkKeDySn,1835988309,4/11/1990
0000000378,Anders,Calbrathe,5/6/1969,nt8j45jfCK9mbTP,1869794285,4/18/1990
0000000379,Elmer,Dickson,5/17/1969,5ereNyWyhn0UylH,2048563700,7/3/1990
0000000380,Hilary,Kitley,6/9/1969,XVJZ1bRJqke5X2Y,6754562966,8/1/1990
0000000381,Ardenia,Rowet,6/11/1969,HODHSQ6wP5UKF2f,4073135529,8/1/1990
0000000382,Anne,Galiford,6/23/1969,0rjS9gGUHCMHNvJ,6991522382,8/8/1990
0000000383,Bertrando,Benez,6/29/1969,cHxy8RDvqsqlHdH,2726185057,8/17/1990
0000000384,Domini,Dow,7/24/1969,TzfxsgkNCoUNrPd,6211743736,8/18/1990
0000000385,Phebe,McHan,7/24/1969,5LqbOoFdgcbyvVH,6451575744,8/23/1990
0000000386,Tanner,O'Fihily,8/21/1969,1LLVfmidybvgQl0,6884762087,9/11/1990
0000000387,Sarette,Coplestone,10/16/1969,OPPNggi6ZCKkQrp,8663161147,10/31/1990
0000000388,Dotti,Pury,11/4/1969,LOBg6Z3QMDmJM7D,5612459128,11/6/1990
0000000389,Leela,Idell,11/11/1969,Nuov3gns02r6vMG,8866260556,11/17/1990
0000000390,Cyndy,Gascone,12/19/1969,s4oRWZ2sC5z3iws,3423584064,2/12/1991
0000000391,Reeba,Cubbini,1/1/1970,OZGi0WC3ECUJMos,3264500180,3/1/1991
0000000392,Lu,Iacopetti,1/1/1970,OEL6vxkVJSFyyM6,9723253719,4/11/1991
0000000393,Emmott,Yateman,1/26/1970,mHK84hdmdu53N2i,4866771249,5/9/1991
0000000394,Michail,Dilloway,2/6/1970,QEmY5S8Bj9HoQCR,4948294359,5/16/1991
0000000395,Hyacinthie,Antonelli,2/11/1970,jWIWW8ztFWyR69D,4822539307,5/21/1991
0000000396,Beaufort,Chudleigh,3/21/1970,XY41dyVZys7XQsg,6679335939,7/7/1991
0000000397,Cherry,Brettor,5/1/1970,w6QSe81Hchxy5Gd,5379090655,7/18/1991
0000000398,Kaleb,Raith,5/19/1970,ufnGgBqlc7t1Nte,7875190745,8/30/1991
0000000399,Jonie,Wrathmell,5/20/1970,D8iiEYEgGlMWfqH,6255462123,9/16/1991
0000000400,Averell,Beddoes,6/30/1970,IAuLRpNgRr16D4o,4027478254,9/19/1991
0000000401,Casper,Trewett,7/12/1970,MTwOkKRjW7CjqLT,5381415943,10/25/1991
0000000402,Carmelia,Choake,8/1/1970,YMzYOMrKSe0y9Qa,8783851165,10/29/1991
0000000403,Dorrie,Oxx,9/14/1970,1A6qu3n0qoaoKc8,2463599012,11/2/1991
0000000404,Lazare,Pickaver,10/1/1970,DdJns90oB5hNA0x,9706800253,12/13/1991
0000000405,Valaree,Finlater,10/12/1970,2wyfPlYxTHz9xi1,9389204180,1/2/1992
0000000406,Jerome,McMurray,11/8/1970,QrYvdOLqzeltS4C,5315149727,1/9/1992
0000000407,Jude,Adamides,12/1/1970,NeJfy8bKAka1g6t,4995447740,2/29/1992
0000000408,Leandra,Cockton,12/3/1970,uqMYNOmbXR5FFdB,1899438087,3/18/1992
0000000409,Ella,Ellum,12/19/1970,9W5rmtwrxuQ86Rv,4331374487,3/22/1992
0000000410,Eadith,Crouch,1/3/1971,CmOFsmBU8vNC8jT,6352339304,4/18/1992
0000000411,Brina,Frogley,2/27/1971,yt0JtyMnYJIb9jm,5018677354,5/13/1992
0000000412,Milton,Nicklinson,3/22/1971,v2Wc8vHhzIOgiWH,2893140052,5/25/1992
0000000413,Ariella,Maletratt,4/7/1971,JqSMlpkkHiRWUF4,9476852611,5/27/1992
0000000414,Sharyl,Flaunier,5/8/1971,TIjkXW9hyTaBt0m,9353604196,8/18/1992
0000000415,Kerry,Orhtmann,5/31/1971,TpCbwPGc0oF4vWu,9639539174,8/28/1992
0000000416,Imogen,Colbert,6/4/1971,MrNjG4g3kFEaDkU,3077839754,9/8/1992
0000000417,Tyrone,Rivett,6/5/1971,pUNmjrtBPdP8A9J,4232806220,9/8/1992
0000000418,Twyla,Menelaws,7/23/1971,vJuF8WPG0ATiKkT,4273364688,9/25/1992
0000000419,Claudianus,Blagbrough,7/24/1971,e5h2iiPAuuNtgSB,5056519589,10/8/1992
0000000420,Marcus,Battista,8/8/1971,1hBa93u9nW7sSiB,9195738078,10/27/1992
0000000421,Pedro,Buffy,8/8/1971,YRgFW17aycD6zSg,7744897011,11/1/1992
0000000422,Monah,Bowbrick,8/9/1971,KkvToZc3WR5QLla,5421682485,11/2/1992
0000000423,Rutger,Higginbottam,9/22/1971,AWvrZk4vcOFQJOu,8163277151,11/14/1992
0000000424,Guillema,Farnworth,10/3/1971,ccPwE3Surg585q7,2075746623,11/22/1992
0000000425,Sabra,Purchase,11/16/1971,6UE9p3JcQKA7eE0,2062799236,12/8/1992
0000000426,Dory,Pepperd,11/18/1971,OMlEy8E9o4Fh4Tu,3918820494,12/31/1992
0000000427,Rivkah,Bayston,12/1/1971,Ilmokr8tz5lY5Oy,6683989634,1/13/1993
0000000428,Harold,Kunath,12/29/1971,iuMihHvo0oGXX2D,7074957276,2/4/1993
0000000429,Bonnie,Vawton,12/29/1971,joEaP9jTcxyXHa3,6451223785,2/24/1993
0000000430,Selina,Matteris,1/15/1972,Qljve7WyLi7Lumq,2676303875,3/20/1993
0000000431,Cary,Deware,1/23/1972,kW1BH3C9mSf70ZE,5736282805,5/15/1993
0000000432,Trish,Ambresin,1/30/1972,2W0NSRIqLmICpYm,4382760701,6/29/1993
0000000433,Ulrika,Fendt,2/6/1972,oxT5pxFSpSqEBuR,3535515707,7/3/1993
0000000434,Alano,Horley,2/7/1972,JidYsGP6NhlvTJ5,4762214676,7/8/1993
0000000435,Brooks,Mecchi,2/9/1972,C4LvC9OYq8gFrtV,8706146484,7/16/1993
0000000436,Amelita,Glede,2/14/1972,TpCvBKAyXOHsAZq,9804457746,7/23/1993
0000000437,Ted,Branwhite,3/16/1972,4HDbA7j8Fpm9xmx,8897447201,7/27/1993
0000000438,Clarisse,Speck,4/15/1972,dwAs0ng5lvg7MZY,1036082305,8/4/1993
0000000439,Brand,Commusso,5/28/1972,9zxrQZwQPSy0waP,8991728311,8/22/1993
0000000440,Orin,Eckhard,5/29/1972,xq24NtK5nfv1vnW,8694445955,8/28/1993
0000000441,Bertie,Kaser,7/10/1972,MQvWE3uso3hv00z,3566636471,9/30/1993
0000000442,Lisha,Chimenti,7/16/1972,ckYDots9KdsgWXz,7348501317,10/5/1993
0000000443,Lutero,Braunroth,7/24/1972,0Rwb1TGIz9g39Eh,6665241312,10/12/1993
0000000444,Anett,Solan,7/31/1972,c7FmktZjI3lwxsu,2085449094,11/17/1993
0000000445,Taddeo,Dik,9/26/1972,PZjFnwYT2FFkSE5,3239089420,12/20/1993
0000000446,Junia,Wivell,11/3/1972,q7xY6RUvMvi1YJH,5302686915,1/2/1994
0000000447,Ivette,Paul,11/5/1972,5muG9O22HtaVI3S,9369976578,1/8/1994
0000000448,Thoma,Riceards,11/9/1972,7kzKD4BZzqi6rk2,4754501143,1/9/1994
0000000449,Alfie,Harmour,11/19/1972,DTvzD6kRiznqMbG,6226970582,1/14/1994
0000000450,Parry,Worthy,12/5/1972,7zp3JV3cIGruaJw,5914682222,1/15/1994
0000000451,Kip,Eastbury,12/10/1972,auWPtHPvLm4yupP,9608063742,1/31/1994
0000000452,Sigrid,Kemmer,2/2/1973,WNs0eBuEq7orjSV,2426229461,2/3/1994
0000000453,Gena,Seymour,2/26/1973,qi5fcuyH5z39nIC,6761839254,2/17/1994
0000000454,Henrieta,Acaster,5/14/1973,Iwr9OToOpBN59CY,1785316992,2/20/1994
0000000455,Buffy,Blaisdell,6/5/1973,DfmJD8vRJUS0UIY,7236399423,3/24/1994
0000000456,Eleni,Drust,6/14/1973,iK9K5g9A8PYttSC,4343973404,4/1/1994
0000000457,Jsandye,Lesley,6/19/1973,MNkulNIe5oFV81J,6963226709,4/3/1994
0000000458,Jennine,Leonard,6/25/1973,wzo28qyBabGOK3z,4095351656,5/4/1994
0000000459,Averell,Julyan,7/4/1973,wQnq3VKwwFvG7tz,1719256930,5/7/1994
0000000460,Kimbra,Binnie,7/8/1973,Y1svSfIxNx7Oydg,7949589605,5/14/1994
0000000461,Benito,Dust,8/5/1973,VhOxDTZsuUIH5LJ,4807471096,7/9/1994
0000000462,Carlotta,Kolak,8/12/1973,LKVSigWys7iNRES,5996200665,7/10/1994
0000000463,Claudianus,Waight,9/8/1973,USQAL8B3akSKWNg,2242262331,8/7/1994
0000000464,Randene,Dansey,10/15/1973,AHDQJoTeFlXVeOb,4295139171,9/5/1994
0000000465,Aldo,Merigeau,10/15/1973,Jgj1D2BnW1CY79y,3667122864,9/15/1994
0000000466,Delphine,Gallyon,10/15/1973,8XXPYH0iQuytKXX,5483106891,9/20/1994
0000000467,Myrilla,Ferrara,10/16/1973,XuGKNB5GS4kumxu,5013888655,10/8/1994
0000000468,Raul,Offell,10/29/1973,qTAkEOk0hki1eNK,9851790630,10/24/1994
0000000469,Shawnee,Vost,11/14/1973,rblPC8hSeGvkUOk,6964512611,11/11/1994
0000000470,Angele,Peasey,11/21/1973,KReLtZDwLob8kda,9812262922,12/9/1994
0000000471,Valera,Fetherston,12/21/1973,tupF84D1hNvhd8I,8345587842,12/30/1994
0000000472,Dottie,Aspland,1/8/1974,8rwQe6Sf6YfFG3W,8806477902,1/3/1995
0000000473,Wilhelmine,Sawdon,1/27/1974,UmE4GQlkzJnUKfp,3078109876,1/15/1995
0000000474,Stanislas,Voules,2/21/1974,jDy1FmjSiaCoLri,5537292452,1/17/1995
0000000475,Yehudi,Slad,3/27/1974,UKtz0nB3hQbc5pv,5349784442,3/13/1995
0000000476,Ignacius,McIlwain,4/18/1974,3Mrw5RBfKpGhQJV,3025227165,3/18/1995
0000000477,Walther,Soule,5/1/1974,AnI8izEuEFtxo0e,4174228581,5/13/1995
0000000478,Marys,Meddings,6/22/1974,qzgXLUKwDAHaZLf,1999751401,5/16/1995
0000000479,Caresa,Soot,7/27/1974,EmJkC1vbUbQr8Hf,6283402909,5/19/1995
0000000480,Vivienne,Buten,8/22/1974,6jlIJ4J76cuELuS,8285279958,5/25/1995
0000000481,Inga,Bounds,9/3/1974,nSl2pQ9Avg11nVK,9662890581,6/22/1995
0000000482,Dionisio,Seleway,10/14/1974,7cxjjeHkSohoX66,5906446580,7/18/1995
0000000483,Saunderson,Parell,10/25/1974,Vv2hCgyGc7GZCbA,7336524066,7/24/1995
0000000484,Thekla,McCord,11/12/1974,chg5T5ZS5wr0hET,8051343110,8/3/1995
0000000485,Malissa,Cars,11/12/1974,aKJkvvC1crx83DO,4354033174,8/10/1995
0000000486,Bourke,Pidler,11/18/1974,ILohLcXQ4Uivf1l,2615095801,8/14/1995
0000000487,Kelby,Antoszczyk,11/27/1974,ESa1TbPzVcKmkMe,8384311362,8/15/1995
0000000488,Thalia,Amesbury,12/2/1974,R3r3jOoXdQ3tMdR,8219972831,9/3/1995
0000000489,Viole,Kingaby,12/31/1974,iZZj1EopbEWtiVg,6759785742,10/14/1995
0000000490,Brody,Ropp,1/6/1975,gmdz1DAKOaiQJ4f,5103912943,10/22/1995
0000000491,Merridie,Ramelet,3/4/1975,OZc7ZJTJsIWpz6M,9019672551,11/12/1995
0000000492,Rudd,Sollars,3/26/1975,fGayWf3CGLhhkQo,9565069065,12/6/1995
0000000493,Kane,Turvey,4/30/1975,ZOuBZWz0M3c1VOK,4326168327,12/31/1995
0000000494,Fallon,Astridge,5/28/1975,8cSouGy0tiYPzl2,1637485979,1/1/1996
0000000495,Tresa,Sicha,6/2/1975,v6rkeSiimu2B2No,1978749274,1/18/1996
0000000496,Dacy,Bycraft,6/15/1975,ouiy2qtam3alxTA,4249381830,1/20/1996
0000000497,Hilda,Baildon,7/23/1975,8TOf91npDkL0vOL,4035635969,2/23/1996
0000000498,Marys,Abella,8/1/1975,GuSoDRNRL9W8hjE,3606874792,3/4/1996
0000000499,Mattheus,Beauvais,8/3/1975,gaDjSdQtSb7Z0kH,3551642270,3/22/1996
0000000500,Regen,Hillen,9/10/1975,e9Gn8wAODbaHgHS,1793532695,4/6/1996
0000000501,Viviana,Fullom,9/17/1975,qEtPicAzkWVlKA7,6451259704,4/21/1996
0000000502,Maurie,Wellesley,11/15/1975,424XJCz7NyDU0cU,5752833424,4/23/1996
0000000503,Myrle,Bruhnsen,12/13/1975,vhUCds37WrpeYGV,9827258459,6/1/1996
0000000504,Benji,McKeggie,12/13/1975,1cCCwN6CSejT41s,5304093657,6/5/1996
0000000505,Nicoline,Luetchford,12/20/1975,nT8tuLxevX1oY6k,3579220255,6/17/1996
0000000506,Isabeau,Rodnight,1/9/1976,izrmYdo8LIOV7gR,6096204425,6/23/1996
0000000507,Carmelita,Dunbabin,3/31/1976,iGWDz4OlkfKYCxy,7247268848,7/25/1996
0000000508,Marcello,Umbers,3/31/1976,edGv1IEiw9fjwJl,4208717946,8/1/1996
0000000509,Nickie,Temblett,4/13/1976,x9seN82fJyfyb0i,7324774911,9/11/1996
0000000510,Barris,Loads,5/3/1976,uJ9fo5Q0e3ww8lc,4184043833,9/18/1996
0000000511,Dasie,Drejer,6/15/1976,BVXVioO3TaEAdEO,7751845464,10/1/1996
0000000512,Basia,Newens,8/9/1976,jkFAxzTyHIfLC0R,6901249445,10/4/1996
0000000513,Zebadiah,Binnes,9/26/1976,vvcioeNkP2Kfvwd,7366437424,11/7/1996
0000000514,Freddi,Corstan,10/23/1976,1hIhgsR7y6ldV2P,9394465623,11/8/1996
0000000515,Lydon,Newport,10/28/1976,nvcsZ20WY30UwKa,6894774594,11/15/1996
0000000516,Davy,Smuth,11/28/1976,sAUNbTyHLeMAdiQ,8706873605,11/17/1996
0000000517,Amerigo,Rottery,1/20/1977,m5hWlXw08KKAWOv,6982983333,11/18/1996
0000000518,April,McFetrich,1/26/1977,oC2GOgTuvuyh4Nr,1931685895,12/12/1996
0000000519,Bunny,Jolly,1/31/1977,mC3sYDXCYFLqlmV,1434185459,12/22/1996
0000000520,Cord,Ayree,2/15/1977,P5wxkTCFSDQpn80,3219111946,1/4/1997
0000000521,Bernarr,Gonzalo,3/21/1977,9kRFRLxmB9oNpNa,4816732383,1/29/1997
0000000522,Rozanna,Keepin,3/24/1977,LrBKziy33HqCyGB,4399131229,3/23/1997
0000000523,Madeleine,Bushel,3/29/1977,ob8PKNOzAMvk5uH,6837066527,4/3/1997
0000000524,Susie,Duerden,4/19/1977,C5bf3EdMeiHpjKs,3918890401,6/14/1997
0000000525,Keelby,Laverock,5/13/1977,hyXhkQJYsFDeIYU,3236014862,6/18/1997
0000000526,Colet,Blest,6/2/1977,2YgcmFgjlmMhqme,2674092573,9/18/1997
0000000527,Estelle,Antoniades,6/24/1977,b27SgJtpoxXPaxk,1114065351,9/21/1997
0000000528,Shell,Druce,7/14/1977,KpqX3HdrDvgaVYb,1233055842,9/26/1997
0000000529,Byram,Fearney,7/21/1977,GJnAf9QUskQE5Yi,2345830661,12/17/1997
0000000530,Rupert,Lowson,7/25/1977,Q02LpWOZ1Lf4aFi,3834615439,1/12/1998
0000000531,Abbi,Arnald,9/8/1977,fn5EVrtyxeqH5pB,3141091391,2/7/1998
0000000532,Christina,Dublin,9/19/1977,KrCNMqkUsYdVS4m,8171971015,2/26/1998
0000000533,Wilone,de Vaen,9/19/1977,YxWvDusfbwQ0q5a,1198428212,4/5/1998
0000000534,Connie,Balharrie,10/18/1977,b2XjmJINA2KEsU8,9434810601,6/3/1998
0000000535,Claudia,Ensor,10/18/1977,2sQkI2X7p9Ivrf6,7562855412,7/9/1998
0000000536,Elton,Wimsett,11/5/1977,O0pzau38JLLayLL,1697932567,7/17/1998
0000000537,Benny,Pauwel,1/1/1978,XNn05py6koiz9wl,4716899278,8/11/1998
0000000538,Loretta,Whifen,1/7/1978,dYZiG55hnMXHXzG,4251402834,8/25/1998
0000000539,Jenni,Balharry,2/4/1978,m33fmO7TnUIsNHC,9311477160,9/9/1998
0000000540,Briny,McOrkill,2/16/1978,6rx1jVQ3OSKtKW1,1491919158,9/19/1998
0000000541,Estella,Becke,2/25/1978,ArvbizMlLgUVc2z,6194007231,10/6/1998
0000000542,Dev,Wyse,3/6/1978,ZaeCmEGNmooP1ac,6537034038,10/6/1998
0000000543,Alleyn,Kensett,4/11/1978,l7kVDmaiHbbjtwH,4236271139,10/29/1998
0000000544,Vanny,Daniello,4/12/1978,4fyPSbAcDTj9xqp,7806949617,11/11/1998
0000000545,Adel,Cregeen,4/26/1978,9bmzF1Y8ffY3000,2878018201,11/13/1998
0000000546,Cassandre,Rudland,5/1/1978,wdUMGKpAPmFHyrg,8205807187,11/28/1998
0000000547,Roze,Luddy,5/4/1978,PTszOZkAVeU7gwj,9131207811,1/9/1999
0000000548,Tiffani,Whorlton,5/17/1978,vx3Dqv1gJqt4CBB,4879618343,3/6/1999
0000000549,Wallis,Bearsmore,5/22/1978,yDtKnIy2MfBZO0s,7667980674,4/3/1999
0000000550,Herrick,Grimston,6/27/1978,8SRAl04Pb4l9en4,8044472511,5/13/1999
0000000551,Caye,Goggins,6/29/1978,N27VvjylMW4Kcxg,9135024747,5/21/1999
0000000552,Riane,Genthner,7/11/1978,brcvLdQKPZmKy5G,1975415625,5/30/1999
0000000553,Nita,Breens,7/27/1978,EniKrJ9aF6B8Uot,6126692777,6/7/1999
0000000554,Monica,Navaro,8/11/1978,rrkkVF0XWP69eAU,3098910425,6/17/1999
0000000555,Robinette,Hearnshaw,8/14/1978,LbWUflKZ1PVj14J,6948675595,7/3/1999
0000000556,Nanete,Stockings,8/20/1978,Wp1bnl61zGB2Vdz,5489154072,7/13/1999
0000000557,Rudiger,Adkin,10/10/1978,4d8XkBJTjxLY1JT,5784532508,8/6/1999
0000000558,Guss,McArthur,11/18/1978,KuYiMDXsStOg6jl,2408135751,8/12/1999
0000000559,Randolf,Murkus,11/27/1978,7UMlzxWRKOHQgQM,8543618061,9/4/1999
0000000560,Heall,Bradwell,1/22/1979,539YCPOUF6xsHiG,4539252469,10/22/1999
0000000561,Haslett,Shortan,3/1/1979,lvlZ6Zn9tBZagow,7415372772,11/2/1999
0000000562,Murielle,Syde,3/31/1979,xk2dJz1aSp592OC,8801770645,12/1/1999
0000000563,Irina,Joly,5/17/1979,1GKBxzcccqBA9RM,9453888635,12/16/1999
0000000564,Ina,Bravington,6/4/1979,xebw69ZCO8MZIkr,8509586550,12/23/1999
0000000565,Dannie,Doxey,6/13/1979,monyEh12WDjCZo8,5314797846,12/28/1999
0000000566,Wells,Orthmann,6/23/1979,HAyQEz1r8qNUvqK,7369890004,1/1/2000
0000000567,Luis,Kinkead,7/16/1979,GsGTLyehCvlD48u,4311141628,1/17/2000
0000000568,Ronnie,Valett,7/16/1979,l0aBlOBTEChOB8N,2923079567,2/6/2000
0000000569,Jobey,Collison,7/31/1979,ZYDUt58cHvmECoY,6507954222,2/9/2000
0000000570,Cordie,Brambley,9/9/1979,QGUAQclquCpSiwh,5724917882,2/14/2000
0000000571,Aristotle,Roggeman,9/26/1979,skq7RzfAIomqlRY,6142053161,2/24/2000
0000000572,Aldwin,Sumption,10/9/1979,FcWotC9oBgXSeDW,9678207838,4/22/2000
0000000573,Woodie,Seys,10/13/1979,BGvIJ9Rm0XaaRt2,6161823989,5/13/2000
0000000574,Shaylah,Gors,11/16/1979,GhN7SxD0n6cWZ0O,3594362898,6/17/2000
0000000575,Sheff,Beldom,11/20/1979,Te462sz8pGRQQtV,1503550129,6/25/2000
0000000576,Rosanne,Hounihan,11/21/1979,1Pdlb5phPXbADHN,5718827844,6/27/2000
0000000577,Roxanna,Dominguez,12/29/1979,zq1hRf4A8tkiR7M,8355977416,8/23/2000
0000000578,Giovanna,Bullant,2/27/1980,KJGepof3Gt0plSe,6462573824,9/2/2000
0000000579,Creight,Seymer,5/1/1980,e3HEY5MTNDbOvaM,8292719264,9/14/2000
0000000580,Isador,de Juares,5/10/1980,GnzDdzaFXLhXbR9,4451135018,10/30/2000
0000000581,Pietra,Dunrige,5/22/1980,TxxQuvG2i1hZyRH,7557172782,11/13/2000
0000000582,Arlee,Scawen,6/9/1980,DwXOI9L4GrIkidY,3872173018,11/19/2000
0000000583,Cullan,Fergusson,6/15/1980,3hX6BSyipTsjpek,6351569303,11/25/2000
0000000584,Albie,Wibrew,6/15/1980,fBsKbcTUjFbrAda,7232369922,11/25/2000
0000000585,Rosabel,Ofield,6/25/1980,XZ4VVY1ybwcN6v6,4043722154,12/11/2000
0000000586,Birgitta,Poupard,7/13/1980,dQLUK4NwhGCB7a7,9089700191,1/6/2001
0000000587,Montgomery,Magovern,7/20/1980,eUzfZWNrta9Bddv,5434906375,2/7/2001
0000000588,Moise,Carreyette,7/30/1980,5rQrJNOOIQuPVx6,2649505238,2/15/2001
0000000589,Demeter,Henighan,8/1/1980,PbtPuaMW5RXlry4,4435554627,2/28/2001
0000000590,Giusto,Brazier,8/11/1980,iVJN6YRIf3NUklP,7462380589,4/18/2001
0000000591,Delcine,Antic,8/18/1980,ckIiBvaKFIkcx3M,1537359468,4/19/2001
0000000592,Demetrius,Griston,10/15/1980,9NgHUpObRzJaE5r,8484896717,4/29/2001
0000000593,Sorcha,Vallender,11/11/1980,3QoA5q6uYO3IWHg,4001872300,5/9/2001
0000000594,Saxon,Gristock,12/17/1980,ep3nTX9gsapVV6B,2221857808,5/25/2001
0000000595,Hugh,Renihan,12/27/1980,DzdlFosRdUScxQD,6609322209,6/14/2001
0000000596,Jay,Legh,1/7/1981,glpWaorMp4e85SY,5659796728,8/17/2001
0000000597,Kym,Glowacz,1/14/1981,qlPOAGTC0Tvyiw6,2198139503,10/17/2001
0000000598,Clareta,Stopper,1/21/1981,lECdiO3AwYb0IKq,3894884256,10/18/2001
0000000599,Joell,Duffield,3/4/1981,MX32XNznWdpqpRo,8586447704,10/29/2001
0000000600,Manya,Northing,3/17/1981,tr9NaOj4Buo7U3y,3042840312,1/17/2002
0000000601,Gustaf,Divisek,4/19/1981,AXYfdzvHPVtvwac,8411399122,1/29/2002
0000000602,Benson,Bonnar,4/21/1981,tyM6K99gPJw65Mg,5472439065,3/20/2002
0000000603,Massimiliano,Laxston,5/6/1981,JfYFV06Tw4oMJpl,3487311354,3/23/2002
0000000604,Nil,Shatliffe,5/15/1981,G18EmOnfxtUdgmu,4509108147,4/2/2002
0000000605,Joelynn,Damrel,5/29/1981,iZmp795QKPmWTIe,1612382171,5/13/2002
0000000606,Mela,Shaw,6/6/1981,Ta7iC1P7Ra9vKsC,3832093890,5/21/2002
0000000607,Bruis,Chadwen,7/27/1981,K2ZxuGlsnZRIN7p,2028151065,5/30/2002
0000000608,Eada,Orneles,9/2/1981,4LIOhO3DH6D16Xm,8746121508,8/3/2002
0000000609,Melamie,Clayden,9/15/1981,hijkyz37xK6jeZI,1849642727,8/9/2002
0000000610,Cherri,Danes,9/21/1981,O26fycswHeZJBho,2026568428,8/11/2002
0000000611,Ermanno,Pregel,9/23/1981,IAim6EsTkcbJCiE,7573167921,9/5/2002
0000000612,Minnnie,Jurewicz,10/5/1981,IAIDAwgdqJVTK77,5358479319,10/24/2002
0000000613,Dunn,Dunniom,10/14/1981,WsOquvIEzoSjGP7,5527634870,11/27/2002
0000000614,Jacquenetta,Milborn,10/19/1981,wU7V7cL2tBgs5uK,3285649812,1/6/2003
0000000615,Betty,Eads,11/6/1981,rgV669kDSiG1DiC,1516543480,1/23/2003
0000000616,Fransisco,Pfeuffer,11/9/1981,wGaYltLuoBl2GN7,1146914310,2/18/2003
0000000617,Orion,Drinan,12/7/1981,LsF7oFQlhrMmqHB,4996191683,3/9/2003
0000000618,Caesar,Skym,12/11/1981,XPWJkv8qJywuBWU,7263876440,3/11/2003
0000000619,Alta,Turone,12/14/1981,sJLVfEw5gseyzCm,8926105611,5/19/2003
0000000620,Teodorico,O'Doogan,1/4/1982,oTpFBl4XOwdXfiN,5301378318,5/31/2003
0000000621,Fayre,Berge,1/5/1982,Ro09Qs0QG6jOlow,8191537421,6/12/2003
0000000622,Terri,Hardwin,1/8/1982,Ark8kZ8AXvbb2xT,9979374898,6/22/2003
0000000623,Eden,Ericssen,1/21/1982,ASCqtDuKrZHDTm6,9857968712,7/2/2003
0000000624,Saidee,Cubbinelli,2/23/1982,UE8XQ8dbpI1zK0o,5171785841,7/6/2003
0000000625,Jerrilee,Wadman,2/26/1982,bqEsiT5NLQieOW3,6712949519,7/12/2003
0000000626,Delaney,Duiguid,3/24/1982,itakL5ZTVpnClQ1,3307566339,7/18/2003
0000000627,Raimondo,Habbijam,3/30/1982,zvbp5lvefQw3r48,6116935305,11/6/2003
0000000628,Haroun,Roseblade,3/31/1982,12tIbu86hyqnXfc,3784608538,11/8/2003
0000000629,Rheba,Downing,4/26/1982,CIlsoRKJQP6uPyk,7464930893,1/22/2004
0000000630,Chaim,Agates,6/26/1982,nJeeq3QjkoDrDPL,8638943365,2/1/2004
0000000631,Corty,Nordass,7/5/1982,cHNiZ7TZfjAfEg1,7736341258,2/4/2004
0000000632,Celia,Dike,7/20/1982,c1s03kvIequj7Nv,8731074685,2/6/2004
0000000633,Flora,Keith,7/26/1982,5RVwPh6So3g8p8A,1765775616,2/8/2004
0000000634,Bertie,Rapinett,8/6/1982,H8ppjcb7zJOD3nO,7298353218,2/15/2004
0000000635,Nanci,Manwell,8/14/1982,Alslbi0PolyvQIW,7048561472,3/5/2004
0000000636,Nate,Tanguy,8/21/1982,QxUFI9QiYtTggVg,4967732167,5/21/2004
0000000637,Pansie,Lyddy,8/22/1982,NRLQ2yvOWNJPaHE,2462161476,7/3/2004
0000000638,Eduino,Neeves,9/21/1982,GS2ag9zVRXkud1e,7302197536,7/12/2004
0000000639,Quintus,Rein,11/6/1982,KBOT7cTX92pSTvl,2106680535,7/23/2004
0000000640,Crystal,Renner,1/4/1983,JuMY7pwQOgmKXTY,9413761832,8/1/2004
0000000641,Wesley,Dawdry,1/30/1983,gC8JC0uALN2JFQR,9823822358,10/4/2004
0000000642,Letti,Rawdall,2/20/1983,DjyNr4pzMtom0dl,5527321868,10/25/2004
0000000643,Darin,Cussins,4/25/1983,0usEzpUu7HlxefU,5164663821,11/16/2004
0000000644,Olva,Rodolico,5/1/1983,tTMrW4vXYSzsV9o,5856811017,12/6/2004
0000000645,Man,Casaro,5/26/1983,Xng7Atla3G1wHM3,2909051021,1/3/2005
0000000646,Sully,Giacoppoli,7/14/1983,9WqdNYMwZFjT4ax,7174195735,1/5/2005
0000000647,Arlyn,Goodger,7/28/1983,TSNpcTTs341yIvZ,2665629401,2/7/2005
0000000648,Vivianne,Grenfell,8/20/1983,utpj6DozQBBJO14,8682545327,2/21/2005
0000000649,Enrika,Skingle,8/24/1983,gxYJTnKR5iLgLwv,9274528794,2/22/2005
0000000650,Denni,Shuttlewood,9/2/1983,xgUQf4LuqL27cOd,1122288570,3/16/2005
0000000651,Kattie,Belliveau,9/4/1983,IeOQOS2N7NDyC4p,5324447475,3/24/2005
0000000652,Ginny,Houlaghan,9/7/1983,TJEFXbEZD4oRKL3,9075902949,4/21/2005
0000000653,Peg,Stych,9/7/1983,xe0qLPk0NPTOEfQ,3229626769,5/26/2005
0000000654,Amerigo,Yven,9/22/1983,XuavZ7nl74xmPxo,9645768070,6/30/2005
0000000655,Lon,Buggs,9/29/1983,Ikku9QulVMgJFp4,4964659278,7/1/2005
0000000656,Jane,Buard,10/13/1983,67sceyjwVhzmo3A,3381916290,7/6/2005
0000000657,Lorne,Chinge,10/30/1983,T15A7UGy0ZAXcB2,7732589480,8/2/2005
0000000658,Diana,Bollum,12/11/1983,43kM7WRUlfZiuI4,3917854709,8/5/2005
0000000659,Vinnie,Weeks,1/2/1984,BFjvi8Mz1T2VhI6,8402339362,8/6/2005
0000000660,Emery,Dumingo,1/23/1984,cgwlFDcreMdq41P,8106047807,8/14/2005
0000000661,Charlton,Hiseman,2/10/1984,eQcbb4dGKqh2XI7,7323770189,8/20/2005
0000000662,Ki,D'eath,3/30/1984,oRNki97Rkq9GPdX,2871263384,8/22/2005
0000000663,Doris,MacNeill,4/16/1984,9FVC0U3IAufgoci,8101700966,8/26/2005
0000000664,Berget,Parcells,4/21/1984,BKSS6vqStedRGP7,8438488672,9/7/2005
0000000665,Georgena,Gowthrop,4/28/1984,D4tLIjIbh70PUgy,9143181421,9/9/2005
0000000666,Arel,Farbrother,5/1/1984,N7rG3MEXMk0mnk6,6413635077,9/23/2005
0000000667,Kellina,Mintrim,5/14/1984,og6BXG4vqGYdQbd,9649206897,9/28/2005
0000000668,Persis,Yepiskopov,5/14/1984,iT0xO49ORJ0XfVz,4525757803,10/31/2005
0000000669,Nickie,Sinclar,5/16/1984,55u2l1D0BOgMUW8,3436270179,11/25/2005
0000000670,Callida,Kemmons,6/10/1984,swI0YqoBgryENPT,1461794537,12/1/2005
0000000671,Roland,Leeburn,7/10/1984,d9UGM4QEoiu9iER,8207945244,1/18/2006
0000000672,Goddart,Matthews,7/15/1984,O2buV7mxOdVsDio,2255019517,3/7/2006
0000000673,Chrissie,Sibborn,7/26/1984,J370VIMOD7Jqg9q,7115558727,3/13/2006
0000000674,Jarret,Janusik,7/31/1984,31WCXqqnmPCv7Ar,2981077345,3/20/2006
0000000675,Thane,Cosans,8/29/1984,PetocCcNPvCUspB,2464769382,6/9/2006
0000000676,Lauri,Joss,9/13/1984,g4cKj4CWFQoYad2,2378963204,7/7/2006
0000000677,Tyler,Marlen,11/23/1984,kJbY1fwbl2GXY90,6574678565,7/17/2006
0000000678,Lyndel,Paynes,12/16/1984,PnDEvizernlpJHZ,9242395159,8/3/2006
0000000679,Trescha,Smallcomb,12/25/1984,2cJnZE7gj4dkEUd,3461134570,9/29/2006
0000000680,Giavani,Gert,12/29/1984,CllXQ139A4NiAsS,6723348916,9/30/2006
0000000681,Kip,Maling,2/1/1985,9crbznKz1s09pNZ,6552335792,10/30/2006
0000000682,Cleve,Gresswell,2/12/1985,XUEwQZcNAh194VX,8431959190,11/5/2006
0000000683,Violette,Olivella,5/3/1985,gV1yoxI1hJK5gHB,6854268666,11/12/2006
0000000684,Kane,Cranstone,8/22/1985,oXzgqPwR9XgcGOC,4682463057,12/3/2006
0000000685,Ken,Jenoure,9/13/1985,bDhSPJIj557Az9z,5595755225,12/18/2006
0000000686,Richmond,Bonome,9/19/1985,fzfGfLk4G85kkXT,7337246335,1/8/2007
0000000687,Massimiliano,Kippen,10/13/1985,mOjOf1yUin1ngB4,5415527997,1/28/2007
0000000688,Ajay,Skewes,11/17/1985,rbRl7F6WHIxXSRO,8569570762,3/8/2007
0000000689,Kristyn,MacWhirter,12/24/1985,qbWqZY8ofF47A7m,3266338374,3/10/2007
0000000690,Sunny,Beaby,1/16/1986,gB9rwzLRf1tk7yE,4037871329,3/26/2007
0000000691,Winnah,Askey,1/21/1986,ZR32bkrAFa72LDz,4138134655,5/21/2007
0000000692,Belicia,Sommerling,5/25/1986,Og3g5JvhOLdBH2S,8884102647,7/1/2007
0000000693,Kylie,D'eath,5/26/1986,JSKri0CGFL5N2vj,6763698147,7/2/2007
0000000694,Caleb,Rain,6/6/1986,X88dxGgzKwjPFQy,4986531492,7/25/2007
0000000695,Rayner,Grinnov,6/24/1986,tgpautG4jkTAv4q,4575308603,8/4/2007
0000000696,Eli,Cosbey,7/31/1986,VPyXGB15lYUh5HC,1474360916,9/6/2007
0000000697,Reynold,Georgot,9/8/1986,lTbl1kY6LSMbawE,1219134264,9/30/2007
0000000698,Judye,Mossman,10/12/1986,qRs2oIjYOUK7oaQ,1235555672,10/19/2007
0000000699,Alana,McDavitt,12/16/1986,SiRJKcRIHzAY5cO,8021211823,11/12/2007
0000000700,Dallas,Ironmonger,1/3/1987,QO0KnpolVDDtcse,7833691834,11/20/2007
0000000701,Salli,Norquay,2/1/1987,9VHehSciFUnjGew,1604348800,12/5/2007
0000000702,Merle,Bradnock,3/15/1987,KFMptJKUqxKsyIc,1439353600,12/20/2007
0000000703,Charmain,Parratt,3/16/1987,5S6YRlfTRJDWRoQ,4401338414,12/26/2007
0000000704,Ellissa,Lezemere,3/18/1987,nPyLlXxrcOEzstS,2932382689,1/10/2008
0000000705,Corrine,McGairl,3/23/1987,LqqTe9CjyPHi3qe,4329196148,2/17/2008
0000000706,Darleen,Stead,3/26/1987,gOKKBMEBUg8kvnT,3757286747,3/8/2008
0000000707,Krissy,Forten,4/10/1987,x3BZLOO8p0RGhAq,4503000916,4/6/2008
0000000708,Gerhardine,Wong,5/2/1987,VpjbH8BwKxlY9Ex,1313228711,4/14/2008
0000000709,Penelopa,Kilmaster,5/15/1987,bKwlzARiTaUl2zS,4237173659,4/20/2008
0000000710,Kally,Erik,5/28/1987,tzI9fyBhbPomkVA,3796383536,5/1/2008
0000000711,Arlyn,Wollrauch,6/15/1987,LelrcAaFr6VVDJ5,3221198008,5/3/2008
0000000712,Lanny,Wollen,8/29/1987,o2XvzCYMAszenRn,5695501496,5/22/2008
0000000713,Calypso,Tschierasche,8/31/1987,UX6A9nydZ3TJFG8,8406657484,8/2/2008
0000000714,Anne,Allsebrook,9/1/1987,OMbQ1uMkLnvueQq,9048457818,8/9/2008
0000000715,Ilysa,Outlaw,9/3/1987,U1JHmibZhITyopx,2876721093,8/17/2008
0000000716,Zahara,Bradtke,9/10/1987,ZWOaN1CxNXJmqKz,8822062380,9/21/2008
0000000717,Isadora,Priddy,9/17/1987,aecEebbPK64pQkq,4522230943,9/27/2008
0000000718,Tedda,Gever,9/21/1987,b4GYnVnpkuuGk0a,1711894239,10/10/2008
0000000719,Agna,Speeding,9/25/1987,jgXM20Urge4ckwy,5253377859,11/14/2008
0000000720,Gordon,Peel,11/11/1987,Xa9VL9t3NAkNndy,9853197510,12/8/2008
0000000721,Edeline,McDougall,11/25/1987,TjJ5Pq8V9i3ZTeq,4749289667,12/15/2008
0000000722,Lebbie,Quiney,12/5/1987,rlm7iLc6mUClfMU,4089715795,12/26/2008
0000000723,Kingsly,Howe,12/10/1987,4OXkwwjblElHy3n,1255166590,1/3/2009
0000000724,Janel,Fillary,12/15/1987,Fo6EsUELyyVpOOX,4149526128,1/8/2009
0000000725,Luca,Dawks,1/15/1988,s6l2BJC9aocx4ks,6109733682,1/10/2009
0000000726,Cris,Eisikowitch,1/18/1988,CzQEscKlXoKlb7k,4192093226,1/15/2009
0000000727,April,Lehrmann,1/24/1988,g5bUXJdqnBqWAfq,4247343061,1/28/2009
0000000728,Deva,Francke,1/24/1988,7uHnaRxuKfKTwBS,2028865313,3/24/2009
0000000729,Brew,Chestle,2/14/1988,g4JJHUQY2dG3ujd,2503754665,4/11/2009
0000000730,Roobbie,Gratten,2/21/1988,GhUC4IdQKDPWXKm,9459012607,4/19/2009
0000000731,Goldie,Caffery,2/23/1988,uvF8xP1vmn5wXoT,6188209620,5/1/2009
0000000732,Zuzana,Leopold,3/24/1988,5XEXs1T3Gp94YJJ,1842883097,5/23/2009
0000000733,Minny,Seegar,4/2/1988,n6z3ypkLeqUvzaZ,3234334007,6/1/2009
0000000734,Renae,O' Finan,5/10/1988,D4rGIKorZO3PvBx,7559253171,8/8/2009
0000000735,Emmit,Barthorpe,5/10/1988,ieuVav62ToB2cjd,6278412845,8/19/2009
0000000736,Ange,Koche,5/11/1988,GwwUDCfHOvVWznd,8387113922,8/22/2009
0000000737,Ashlee,Pitt,5/17/1988,XCXjMZTbVUQvjP7,1048720732,9/27/2009
0000000738,Lib,Nappin,7/2/1988,09kHbf6Ta9n6dBU,3664951642,10/7/2009
0000000739,Ewan,Senescall,7/4/1988,lc3iET9IXNWOJfJ,6811555600,11/28/2009
0000000740,Erik,Margrem,10/14/1988,iNBrnYmTksTUEQJ,3145185560,11/28/2009
0000000741,Illa,Ledford,10/23/1988,Ydc1jKOWsFgbv9e,9072779151,12/23/2009
0000000742,Harmon,Fenna,12/16/1988,541ywtwPvFdwHyp,1859135064,1/6/2010
0000000743,Phillie,Crocken,12/23/1988,GK9ucwpmz9nR2L1,6203292198,2/21/2010
0000000744,Jolie,Farrans,12/31/1988,Ao0t7klFozqgPsG,8861940277,4/7/2010
0000000745,Kimble,Coskerry,1/1/1989,sbJE8oy09HpbKwh,4632682991,4/7/2010
0000000746,Danice,Pexton,1/3/1989,byADNylcNusdekq,5679461466,4/18/2010
0000000747,Ermengarde,Woodwing,1/27/1989,oVDyCSXZELjxbLp,6972187139,4/23/2010
0000000748,Bruno,Varlow,2/4/1989,ZyZBABXp1oSCWqc,9022014951,5/25/2010
0000000749,Phillipe,Witherdon,2/27/1989,wbV0lFFDmTmX2uj,1279306745,6/8/2010
0000000750,Vannie,Eiler,3/16/1989,8JVur7wgpRO7ubg,8177861160,6/12/2010
0000000751,Giana,Mabey,3/17/1989,C47dcQ1OAChOHsH,7756729395,6/15/2010
0000000752,Nikolos,Gouch,4/18/1989,gLhXmzIO0RLCI9k,6267821165,7/1/2010
0000000753,Fritz,Prickett,5/26/1989,MWaEGCx31okK5ge,8736263769,7/10/2010
0000000754,Melvin,Fredy,6/6/1989,p5AtXw0SjHtOdFD,6698109608,7/13/2010
0000000755,Ginny,Le Brun,6/16/1989,SiTlyHDi7qn95GP,9913434061,7/14/2010
0000000756,Tammara,Howse,6/26/1989,hIkp6nxilGePoea,7234125246,7/20/2010
0000000757,Renado,Muckley,7/1/1989,GOMAG09nb0iFByo,5269754671,7/30/2010
0000000758,Marilyn,Haskur,7/2/1989,LEdn0BlYUq6ztVA,5151907213,8/2/2010
0000000759,Tressa,Draxford,7/4/1989,VgHX3YKdh69sOXL,5074671107,8/5/2010
0000000760,Odessa,Longmore,7/14/1989,8XCK6w3x7rvCzhp,7313241718,8/5/2010
0000000761,Verena,Kinastan,8/30/1989,6iatVEyl2T3N8pQ,2571515711,9/26/2010
0000000762,Otes,Colmore,9/10/1989,5xHHpTGJqq1wQkR,7009657313,12/5/2010
0000000763,Lilith,Standidge,9/30/1989,XF0WnD6Uxm0x4nX,3011510796,12/7/2010
0000000764,Mureil,Milkin,10/1/1989,K5Sg3qk0ewFqrRY,9417839060,12/14/2010
0000000765,Euell,Gossling,10/5/1989,TQo27G9cL1ubJKC,9023707508,12/20/2010
0000000766,Bidget,Stowte,10/5/1989,l4SBXsXYqXBa8c7,3723257769,1/10/2011
0000000767,Abe,Silkston,10/8/1989,iZL1ccQMYCuGBph,1304867166,1/19/2011
0000000768,Jody,Reckless,10/13/1989,BEixQtTosJ8lyU7,2588842495,2/3/2011
0000000769,Cyndia,Sutherel,10/15/1989,6JQlleO5DUoOQEz,9585763309,3/1/2011
0000000770,Clari,Cottu,10/20/1989,bx1efazRJPIQ2sL,7001502377,3/30/2011
0000000771,Shoshanna,Strongman,10/29/1989,Yem52D7DiklPoxi,8736938660,4/14/2011
0000000772,Dennie,Bruffell,11/17/1989,LUoNGNJGZrUitsd,7382042602,4/18/2011
0000000773,Joye,Flute,11/25/1989,Fae5AsVbSLAGkhv,3513531684,4/26/2011
0000000774,Thurston,Hammett,12/3/1989,S4V3oJRyh8tUilZ,9972869007,5/5/2011
0000000775,Dana,Coslitt,12/15/1989,qFv5szmYyU19W8V,1156521978,5/11/2011
0000000776,Gabbi,Ruoff,12/28/1989,1V8hFuholAsfQHR,5096761730,5/20/2011
0000000777,Maison,Fundell,12/28/1989,DZUhhSGUnz5NMuo,2209217368,7/1/2011
0000000778,Lannie,Cuttell,1/2/1990,XHhg9zpnWEkwxRE,1279083510,8/30/2011
0000000779,Gustie,Dominelli,1/13/1990,mR9dQ4sIqihCp9h,4504027907,8/31/2011
0000000780,Kevina,Ogden,1/15/1990,Ig4uTSbj8m2PWXT,8165618704,9/17/2011
0000000781,Nap,Minchella,2/1/1990,UzE7fIclNhs9d5V,2376209780,10/15/2011
0000000782,Ruddie,Pawfoot,2/8/1990,vlwkolrKjTA3ewI,5132165189,10/30/2011
0000000783,Mac,Bywater,2/19/1990,CrtI5JJEcYCbAu6,2927328968,11/24/2011
0000000784,Alta,Crosen,4/3/1990,1TDitNgaypPqo52,5433053322,11/26/2011
0000000785,Rourke,Krause,5/24/1990,PHyxp08hNd9hkDe,8889711309,11/27/2011
0000000786,Fernande,Goney,6/16/1990,lL9Iswjongil4Yl,2551347210,12/20/2011
0000000787,Fergus,Askem,6/24/1990,HTVZLGaKdahfrm5,3451842630,1/23/2012
0000000788,Saleem,Dumsday,8/24/1990,H71QE2DuTdjIaMi,3462774681,1/30/2012
0000000789,Rickert,Ciementini,9/8/1990,f08App7VePgsyVa,5826230725,3/8/2012
0000000790,Rivalee,Crayden,9/8/1990,qjPWGVQyfqEeEyY,9974073131,3/29/2012
0000000791,Cassondra,Winckworth,9/11/1990,fGh80BinbCfAh6S,8096065095,4/3/2012
0000000792,Dena,Hauxby,10/8/1990,YAY6qw6AeZiO7Nn,1078614565,4/8/2012
0000000793,Brinna,Echelle,10/25/1990,tkjbymmWEaShFNm,8116999274,4/11/2012
0000000794,Susie,Barraclough,11/16/1990,arCV4cf9MJEyPEb,1931451854,5/27/2012
0000000795,Rosaleen,Ratazzi,11/21/1990,C98nUw4vdkLwYpd,5196447818,5/27/2012
0000000796,Penny,Gaither,11/25/1990,e8sUkmJ0DNSV4LZ,9735347840,6/15/2012
0000000797,Karie,Broggio,1/3/1991,VCIb6oy9hNC4p6I,6985066295,6/15/2012
0000000798,Marianne,Grunnill,3/11/1991,DmSCRK2PNIAiFQl,8366264877,6/26/2012
0000000799,Carmine,Bein,3/17/1991,tQ8ayGGfltTGsCE,3975852686,8/21/2012
0000000800,Paul,Mainston,3/29/1991,QpVEjfoU6fpv13N,1987152515,9/26/2012
0000000801,Quill,Haestier,4/9/1991,ckZj7Hgs1kRnc7g,2166512067,9/28/2012
0000000802,Ralph,Butteris,4/21/1991,iHppmrN5uCxaPx2,1469836945,10/10/2012
0000000803,Vickie,Chimenti,5/9/1991,QkK8bdXjZ7llFTN,5178189044,10/25/2012
0000000804,Vivienne,Bunning,6/7/1991,FAfAqWUkyjhor3C,5677463142,11/8/2012
0000000805,Brent,Blinder,6/15/1991,5pC4lCFqTGb9UW7,1584392927,11/30/2012
0000000806,Lorine,Yitzhakov,7/1/1991,HVnPDOC5LvPcWB7,3279757870,11/30/2012
0000000807,Merissa,Bottjer,8/9/1991,2T2sql1qEvusa0o,9741746098,12/10/2012
0000000808,Turner,Gimeno,10/15/1991,wImM7JKQ7jKqaTy,4657950017,12/29/2012
0000000809,Eustacia,Boyes,11/3/1991,dXSQtV7Zi5X7u8z,9001383927,1/7/2013
0000000810,Christabella,Ambage,11/18/1991,onEjQJ4rR08W6tz,6285937721,1/9/2013
0000000811,Jessica,Capstaff,12/11/1991,7rOmceMQ52C8AF0,6397950425,1/20/2013
0000000812,Lock,Szymon,12/13/1991,1qk40FvhUjLXdUs,8977728368,1/30/2013
0000000813,Brittney,Weeds,12/31/1991,bTbsiqyFo1nG7Ml,5656689098,5/6/2013
0000000814,Gasparo,Bernardeau,1/29/1992,ai8MhXsepJOeSpM,7432968826,5/16/2013
0000000815,Crichton,Croisdall,3/3/1992,dAqyJY6NTeqdAgT,2063614615,5/29/2013
0000000816,Sisely,Cassar,3/11/1992,0gbgIBF8Oa6BfU7,2921901632,6/16/2013
0000000817,Margit,Hargreaves,4/5/1992,YORGQsukbNkI8z6,5897288892,6/21/2013
0000000818,Lilyan,Harewood,4/15/1992,58fTSp5PiF6WPmX,4213387251,6/29/2013
0000000819,Shantee,Ayres,6/19/1992,VOvyzcgM8XJLwjm,9683626691,7/13/2013
0000000820,Christiane,Mytton,6/26/1992,HUZu2s5xBLzVfWv,4187862592,7/27/2013
0000000821,Bastian,Deschelle,7/4/1992,iapuL80fyiO9yBY,1499712981,7/28/2013
0000000822,Florette,Tebbutt,7/9/1992,XsG9T9LTZgQzzEO,3959646081,8/20/2013
0000000823,Tony,Leyman,7/10/1992,4qH4oTz8hwG3dJZ,9868649655,9/19/2013
0000000824,Anthia,Cousens,7/24/1992,Vg9qGZmLj623G46,3606893377,10/6/2013
0000000825,Ogdan,Sydry,8/29/1992,EquAur5DstqmjbJ,3553645521,10/21/2013
0000000826,Kermie,Crauford,9/7/1992,rsfykW58vsiz8sl,5588749644,12/20/2013
0000000827,Ashely,Flowers,10/23/1992,qMaobLADVqJvkfT,6768319922,12/26/2013
0000000828,Joachim,Cauldwell,12/2/1992,d2nwixzz6XXzhog,8432772,12/27/2013
0000000829,Royce,Chichgar,12/12/1992,ztZqazWz7Nn2MdK,4261329345,1/9/2014
0000000830,Elka,Glyne,1/4/1993,EjEm5L6wFHvc156,4103954622,1/24/2014
0000000831,Gretna,Besnardeau,1/8/1993,W6gZU2exXUuzTVj,1043023921,1/28/2014
0000000832,Samaria,Gilligan,1/13/1993,ZrXO7hkfsnuK8gA,5824851464,4/6/2014
0000000833,Rudolph,Marty,2/2/1993,jvTRD1byLZoHrB0,8207088287,4/10/2014
0000000834,Lars,Milmoe,2/6/1993,I66SCz8lvdMvjq1,8421054622,5/14/2014
0000000835,Yorgos,Loreit,2/8/1993,SYKQemOs907qZrQ,6741572144,5/27/2014
0000000836,Clare,Lett,3/3/1993,QGkbECqzmeemQdJ,1103520655,5/29/2014
0000000837,Cass,Swyndley,4/17/1993,sDmdQWCha0JokUl,4127141099,6/16/2014
0000000838,Crystal,Petow,5/23/1993,9wMZxK6H3firHg2,9313427964,6/19/2014
0000000839,Alyss,Mullinder,6/2/1993,H3a59LEyHdXFFZR,9965748141,7/23/2014
0000000840,Harlie,Ranfield,6/24/1993,6Y8gSJrka1dENQN,1615031071,7/26/2014
0000000841,Lela,Kalb,7/4/1993,qR6S9O62TOiCeqN,8743638963,9/8/2014
0000000842,Rasla,Amori,7/14/1993,cjgOIRmIzqAN6ai,7296570037,9/18/2014
0000000843,Nelly,Cranney,7/16/1993,tnqxpjQngKjCQrX,8165196934,9/23/2014
0000000844,Suki,Darcey,7/27/1993,SB4paghW9pqpiaO,1411519851,10/4/2014
0000000845,Basia,Sproat,9/9/1993,2Gy4PNkZ33dBASQ,8988307555,10/13/2014
0000000846,Reynold,Smales,9/14/1993,nLz1EcLnwvcOfbX,9125523536,11/1/2014
0000000847,Erny,Ketteridge,9/24/1993,IwD5WlrUNMcEyTD,3239358272,11/14/2014
0000000848,Belle,Prise,10/21/1993,t5369XaOGROkZW5,1609331679,1/8/2015
0000000849,Vidovic,Innerstone,10/23/1993,y8lGzCmbZh36Y3m,6506112501,1/20/2015
0000000850,Gerrilee,Endrighi,11/3/1993,uIdGMNRkwhnEEhT,1745574461,5/10/2015
0000000851,Elston,Meekin,11/14/1993,s3AEUI8E34KhtIJ,3936621526,5/21/2015
0000000852,Ursa,Sheeres,12/27/1993,7fh0t2cvDhQA0vO,3172414862,8/27/2015
0000000853,Marty,Carrigan,1/5/1994,im5kmBa5cCaauFT,9045404280,8/29/2015
0000000854,Bord,Rubke,1/8/1994,vX4OPZDPTiXcd2X,1759205930,8/31/2015
0000000855,Cleveland,Danher,1/27/1994,hWdBRs6tRfrcdx1,1832334542,9/13/2015
0000000856,Candace,Ogilby,2/12/1994,9CDja41vtr3zv2w,2539144340,9/14/2015
0000000857,Benoite,Gerckens,2/15/1994,azKJs3gcP9KhYDs,2536981031,9/20/2015
0000000858,Gennifer,Grossman,2/21/1994,ehN152FnK6RsGPT,6652367695,10/17/2015
0000000859,Gibby,Nicholas,2/26/1994,kF9CaAPnMJBcaeI,9451691073,11/9/2015
0000000860,Annadiane,Oertzen,3/4/1994,JnAJ9vRbaueVPMr,9404844103,11/17/2015
0000000861,Emyle,De la Eglise,3/8/1994,fowKbE5yMSXMbit,9447013735,1/12/2016
0000000862,Lana,Heinish,3/21/1994,2uQSaO9p7Fjz6ef,3271981844,1/22/2016
0000000863,Diannne,Camellini,4/7/1994,hhWXgqwO7r3Q4HI,5101010976,3/6/2016
0000000864,Julieta,Whitwell,4/11/1994,WQAlTAF54zBvztz,5037537871,3/15/2016
0000000865,Wylie,Moodie,5/14/1994,q3JnWjxXAnBX9Wc,9622224577,3/24/2016
0000000866,Gerek,Stegel,5/22/1994,HW4r0zcKus787iZ,8044105349,5/2/2016
0000000867,Bendick,Cordero,7/2/1994,eBwwmlMzuZNS65f,7911774396,5/26/2016
0000000868,Link,Pigford,7/15/1994,S1qxSZkIIPOq2H8,6482457179,5/30/2016
0000000869,Tully,Badman,7/27/1994,c9AdA6lIhceu7Ko,5376358244,5/31/2016
0000000870,Kim,Sarjeant,8/7/1994,gBGF8CjdmKyr0UC,9801169519,6/9/2016
0000000871,Petrina,Brumpton,9/15/1994,Yg9ujS7YeziWsJX,1845834508,7/15/2016
0000000872,Maritsa,Camelin,9/16/1994,sND7J2BR8O2UfGa,8519251066,7/31/2016
0000000873,Aubine,Penkman,10/11/1994,5y1LSB2gFb0NG7B,5208039712,8/11/2016
0000000874,Shena,Baudesson,10/15/1994,1f3LrtlgNEJ7dJh,6051195211,8/20/2016
0000000875,Sydney,Hedworth,10/29/1994,AwyKjaA3sfdpyEd,8237315176,9/18/2016
0000000876,Giralda,Downer,10/30/1994,OTSeNLONxhPqmqU,8168081527,9/24/2016
0000000877,Cloe,Bibey,1/7/1995,cmx5L2U3WESap6v,7576857042,10/9/2016
0000000878,Syman,Headley,1/24/1995,vHNTq9xO33fgwcZ,3828885851,10/29/2016
0000000879,Mirna,Fallis,2/10/1995,E67CBPjDD46MivK,8234898589,12/10/2016
0000000880,Tisha,Buttrum,2/13/1995,L1sjfQlnDpRUMSK,5481877010,12/27/2016
0000000881,Marina,Dybald,3/9/1995,93O1DmySEYDAQ0L,9521705252,1/10/2017
0000000882,Lars,Begg,3/13/1995,8b7buNW8CtEjBJq,4443492516,1/20/2017
0000000883,Dido,Dundredge,5/17/1995,SJpWykSBgjCaapN,4465402739,2/14/2017
0000000884,Flinn,Dassindale,6/21/1995,lJYRFEwzjDfCBTf,3181924186,2/28/2017
0000000885,Micah,Lindenboim,6/23/1995,Mk52YfeJT7xlJub,4176554271,3/5/2017
0000000886,Mirilla,Treace,6/29/1995,kohFUpo55IEzGzh,9883180949,3/10/2017
0000000887,Rania,Sarrell,7/1/1995,wfo9GjzjF9SVMns,2889037336,3/14/2017
0000000888,Eda,Gradley,7/15/1995,I4xjP8xM0UcYDz1,6996369792,3/18/2017
0000000889,Audi,Dursley,7/25/1995,3jscVWWprRQxBkB,7959055713,4/15/2017
0000000890,Townsend,Gurg,8/13/1995,Fk31jqej4s1le38,3895939769,6/12/2017
0000000891,Augie,Pinder,8/22/1995,BEcGwuKUWVk3MFv,7168886921,6/28/2017
0000000892,Boote,Barley,8/23/1995,NqS6e5hWebgQ69P,9724881251,7/8/2017
0000000893,Crin,Danilovitch,8/25/1995,veZuM5vywwYyd66,4357196567,7/19/2017
0000000894,Dulcie,Scholl,9/1/1995,0Rv0Fqo5FEn8nhC,6379595203,7/28/2017
0000000895,Nancee,Dobbson,9/5/1995,a3vbC5M2t3UIU4V,1265955318,8/18/2017
0000000896,Peg,Cleworth,9/5/1995,eNBSwAq0wLJ8GGc,3195644128,9/3/2017
0000000897,Skipton,Robard,9/22/1995,uq48WWTx8TA0UY1,1727179298,10/5/2017
0000000898,Chan,Etienne,9/26/1995,5ReDDTpZNJpAntF,5635968673,11/3/2017
0000000899,Doroteya,Stebles,10/6/1995,Noh3nlF812PmhNk,4491857762,11/25/2017
0000000900,Aymer,Sansbury,10/21/1995,HYZqzgngI8F8MCA,2078853995,11/28/2017
0000000901,Johnath,Wevell,11/2/1995,LQSjnMdXpRSq8HZ,6825540890,12/25/2017
0000000902,Ludovika,Keatch,12/3/1995,nFHsy1EGED991Ar,8752462215,1/17/2018
0000000903,Elvera,Towers,1/16/1996,OutAXpxPQaB2YVB,3445846700,1/21/2018
0000000904,Jesus,Roskelley,1/18/1996,zLLW7hgsFG16Li3,4423640757,1/23/2018
0000000905,Mervin,Cudbertson,1/31/1996,RD69W6p5IvSZmGo,6944051184,1/31/2018
0000000906,Tedi,Rogliero,2/18/1996,jGAv0dgtTAXY3bv,4656149504,2/18/2018
0000000907,Kitti,Winfindine,5/31/1996,yJyexT7YjexXHXo,5405007026,2/26/2018
0000000908,Kathrine,Filinkov,6/13/1996,R3GWCvMe8XwCK9V,7518601063,3/2/2018
0000000909,Bradan,Pinching,6/17/1996,C4R1yohqLVR2blY,8889315420,3/19/2018
0000000910,Shane,Haney,7/8/1996,3rhi9dapj2imjVa,6035402027,4/5/2018
0000000911,Jarvis,Baroch,8/11/1996,8UPtfQuqhctm7zk,1507440554,4/5/2018
0000000912,Lodovico,Stolli,8/27/1996,gjPD8CcVUo10gXk,8036339799,4/15/2018
0000000913,Taddeo,Chardin,9/6/1996,lBC4qUAjDjtgLKr,5107460730,5/10/2018
0000000914,Arch,Bentame,9/25/1996,74xHGbCOVX4WoFa,8402520947,6/8/2018
0000000915,Oralee,Bevir,10/24/1996,sCqHm52iIEMyOSx,3343320013,6/13/2018
0000000916,Nissie,Patnelli,11/5/1996,m6H8R918EcBsQ23,5114628118,6/29/2018
0000000917,Cassius,Hounsom,1/8/1997,NywqIkDgsYPeAuP,8742408475,7/27/2018
0000000918,Saleem,Renfree,1/10/1997,ni5BcQCOBr63Acb,4946299689,8/16/2018
0000000919,Mikol,Frugier,2/17/1997,zRuxB6BlQ4aezOO,7995510918,8/21/2018
0000000920,Garek,Style,2/19/1997,t2QcszSBmyJVMtC,6126704387,9/29/2018
0000000921,Galvan,Boni,2/21/1997,QdlpEBwbVt9K74F,6058147477,10/14/2018
0000000922,Bobinette,Skellion,3/8/1997,QAmmkP1KOAhLMcu,1538738003,12/27/2018
0000000923,Lotti,Billham,5/19/1997,X3YTyK6nxXnmczc,2531495603,1/7/2019
0000000924,Cecilio,Loveland,5/28/1997,CNLC8Gy182QRMZJ,7514777023,1/9/2019
0000000925,Gustav,Vokins,6/2/1997,3930Zw1K4uOE4Lh,1366364628,2/27/2019
0000000926,Kalie,Newlands,6/10/1997,ttp4rmESScusqpb,3436907750,4/23/2019
0000000927,Barnebas,Sandilands,6/22/1997,paolSFzH0uNJFY2,6887517998,4/25/2019
0000000928,Charlton,Dilger,6/22/1997,661KExZdjYXFcXL,2762293476,5/11/2019
0000000929,Klemens,Hantusch,7/31/1997,ACMCC4amLZn7GJw,6176779246,5/20/2019
0000000930,Quinn,Fellona,8/2/1997,ugixozRno4LT7kd,5072392919,6/18/2019
0000000931,Ian,Blouet,8/12/1997,WejJG5IaILhvKln,5353111505,6/24/2019
0000000932,Izabel,Iltchev,8/18/1997,fI8pCAfsl3pmlEm,3855314114,7/9/2019
0000000933,Yetta,Geleman,10/14/1997,exEPRAh8TRO27dW,8644671320,7/12/2019
0000000934,Brad,Stiegars,10/29/1997,GbyYxAhkWVq72Nc,7879411057,7/18/2019
0000000935,Daron,Hulett,11/5/1997,ei7R0gHnDJXKNg9,9884963110,7/22/2019
0000000936,Gloriana,Northridge,11/8/1997,5mcg9lGIIYnSYPb,9999035848,7/27/2019
0000000937,Mireille,Matzel,11/17/1997,tgxKNZdu4zHiPYW,5011166507,9/13/2019
0000000938,Cami,Broxup,11/17/1997,VOlBAW27mB22NSz,2403159062,9/17/2019
0000000939,Cathie,Gilgryst,12/27/1997,Ie4ZnYhFxdnIgCz,6254832577,9/18/2019
0000000940,Lonny,Parram,12/27/1997,f2m9c8TeXoxQfvo,6335764447,10/7/2019
0000000941,Quinn,Handford,1/4/1998,5TO6TBbNU96C3To,8448078149,10/29/2019
0000000942,Rhody,Liggett,1/5/1998,IlB4eyy9ZTBSDTv,6872023417,11/8/2019
0000000943,Louise,Godwyn,1/8/1998,maHHvwZ7SDKhdZX,6384691858,11/18/2019
0000000944,Sher,Cozins,1/23/1998,ctmP3oHPKvhdqJG,5248179174,12/11/2019
0000000945,Emelen,Rodenburgh,1/23/1998,i3aIN5X3RoTVuuH,4524782725,12/30/2019
0000000946,Lorry,Gudahy,2/4/1998,ermnIJHQLd45J4o,6762179626,1/7/2020
0000000947,Carree,Cotty,3/8/1998,Yk3DcFlYTODrLeu,3606463325,1/11/2020
0000000948,Justinn,Maiden,3/19/1998,vTpYCejtbyow3dW,1796833580,1/15/2020
0000000949,Giulietta,Mixter,4/29/1998,D7k6SktGud7dnl8,1361755834,2/25/2020
0000000950,Nilson,Sommerling,5/7/1998,UaDFTnXtkuzaGoY,6201180956,3/25/2020
0000000951,Finn,Arnell,6/6/1998,hxtN6dZMR0iwSXZ,3175461548,4/17/2020
0000000952,Kim,Smithson,6/7/1998,lO55APP9ilXA1sY,6235073089,5/25/2020
0000000953,Dell,Brafferton,6/9/1998,1dpkgZYusVHJtjf,1718284159,6/11/2020
0000000954,Janeen,Eloi,6/22/1998,1RnrlRC9FLH24Xf,3479470788,7/16/2020
0000000955,Cristen,Greeves,7/12/1998,qMGZ4IdqN3UuZXk,8722434161,7/23/2020
0000000956,Ricky,Petrina,7/28/1998,AyGUhtclJR73HkE,6979803079,7/28/2020
0000000957,Melissa,Loblie,7/28/1998,bebvV7GQteETQm5,9915927455,8/9/2020
0000000958,Bart,Mairs,8/12/1998,4yDr660trfGkAEo,9563498476,8/12/2020
0000000959,Julie,Styles,8/14/1998,OYqtFkApCrUz8cv,2007871860,9/16/2020
0000000960,Cesare,Ruske,10/11/1998,7aITwbmpdjmskKt,7839203230,10/22/2020
0000000961,Celinka,Breslin,11/8/1998,eg98COIJtv4t2TX,9043521505,10/25/2020
0000000962,Bunnie,Jewise,11/27/1998,2GnU2IBgQ65nBkp,1112463764,11/2/2020
0000000963,Gwenni,Bremond,12/9/1998,p9SMTPu1Rm228JY,2221120932,12/1/2020
0000000964,Ruthe,Philp,1/12/1999,k4kGOtKtQluyDJe,4679564669,12/11/2020
0000000965,Kellen,Wreiford,1/16/1999,ORC6TK6D1XnnJgk,5438876114,1/3/2021
0000000966,Inglebert,Manford,3/5/1999,MI0KStLPawUHxZX,2312603785,1/4/2021
0000000967,Jordon,Arnley,4/3/1999,EMgq4bF9NPMWErV,6584729069,1/12/2021
0000000968,Maynord,Grinyov,4/8/1999,A4QAStRFd2DxhO8,2786003538,1/14/2021
0000000969,Addison,Simonou,4/11/1999,863mWokDQRnrU4w,6726393067,1/14/2021
0000000970,Dell,Happer,4/12/1999,aMZ04HaXzTSlvuH,7729548011,3/3/2021
0000000971,Rebecka,Yitzhok,4/15/1999,WeWX8pEAiActYlp,6716314885,3/6/2021
0000000972,Teddy,Goldfinch,6/12/1999,XivNEpqhJoW2B8d,5373578698,3/20/2021
0000000973,Berty,Potkins,7/24/1999,yWUdxth0er6oqOe,1182869266,3/21/2021
0000000974,Rycca,Ewbach,8/5/1999,3u46YMHRAk4D3eX,2956592045,3/27/2021
0000000975,Hubey,Chittleburgh,10/24/1999,m9o0zGTMHsB23LA,4761087182,4/30/2021
0000000976,Daron,Salman,11/4/1999,0JxPH1X6uWmRK1w,1652298616,5/11/2021
0000000977,Daryle,Gaither,11/23/1999,pUPDFFSYdzE5Ixg,2933480221,5/13/2021
0000000978,Felike,Greet,11/24/1999,Wmw6yFohFo7iPhK,1784796065,5/14/2021
0000000979,Micheal,Hilley,11/24/1999,b9ai3pT8eDKd5Zv,4306495757,5/16/2021
0000000980,Jen,Goding,11/25/1999,LUD5XJL2zBoeV0o,3221311102,6/8/2021
0000000981,Philip,Kesper,11/29/1999,SjVF04r1BDUyVv0,1018312016,7/30/2021
0000000982,Tish,Rawson,12/5/1999,8F9pr2lfDVGBQKH,2656626893,11/15/2021
0000000983,Dacy,Tatem,1/5/2000,1dSuzVxc4xoRH1J,6802025803,12/13/2021
0000000984,Zola,Kaine,1/7/2000,8pht93v7YFVbeu8,3256904195,12/15/2021
0000000985,Freeman,Tompkiss,1/8/2000,ZMcZIqFLRiTSI9y,4026652266,12/17/2021
0000000986,Minnaminnie,O'Loinn,1/22/2000,dCov8VoJ1ShIEKV,2072329537,1/7/2022
0000000987,Gav,Cash,2/8/2000,jzJsUOYbJxOhBLT,3858741909,1/24/2022
0000000988,Reeba,Meffen,3/14/2000,JZJDR1ZzxHAG8S1,4351436350,2/2/2022
0000000989,Alyss,Gamett,4/5/2000,VzMOJ5kCVupRrlu,1245230727,2/9/2022
0000000990,Pru,Simak,4/8/2000,bHfCGoCU0Y3aNxE,8893094156,3/21/2022
0000000991,Christie,Brindley,4/21/2000,wFxW8QvMiNGPppe,3535444136,3/29/2022
0000000992,Mateo,Fermoy,8/28/2000,v5Cc5X2grxUanuo,1965445673,4/13/2022
0000000993,Lotty,Ruhben,9/10/2000,txjZUElm1uVk7FG,4725142846,4/14/2022
0000000994,Cherri,Guswell,10/4/2000,naTdGwsx0qPvrTx,2029705863,4/26/2022
0000000995,Tobit,Schrei,10/6/2000,9ylUiacOllGICKw,8858557237,5/3/2022
0000000996,Cherin,Yuryshev,10/15/2000,M4g9vTcPPOXL72V,9498303974,7/14/2022
0000000997,Lyle,Deschelle,11/13/2000,S8ZlcS7I4lohXsV,4554148215,9/14/2022
0000000998,Ivette,Marklund,11/30/2000,rat5MTe1Idquggj,2406154727,12/1/2022
0000000999,Fredric,Murty,12/5/2000,IZhVIorarHNlvTf,7135480130,12/23/2022
0000001000,Myrtie,Shimwell,12/21/2000,onTSrZAl2pQt9P8,8737122090,12/24/2022
