member_id,first_name,last_name,date_of_birth,password,telephone,member_date
0000000001,Debby,Loker,24/5/1990,hKOacZ0rBf7TbqP,447-930-4551,9/12/1984
0000000002,Ransell,Tunnoch,8/4/1954,Ou1V291JsGHqpdr,692-864-1145,15/10/1987
0000000003,Luisa,Dabbes,16/7/1979,8pjqoQpzjUueyyr,244-441-5042,9/3/1989
0000000004,Frederico,Pencost,14/9/1993,GIOZ3eiTKtyktjs,254-741-7719,19/4/2009
0000000005,Jennifer,Plevey,15/1/1972,zzufoOVcZStjak1,282-939-1739,25/6/2000
0000000006,Tresa,Lexa,30/3/1957,ud4LplLYXbzFlXF,924-732-4700,9/8/2002
0000000007,Celesta,Swansborough,25/11/1989,hHR439dpXT9iiR3,599-829-1007,6/4/1996
0000000008,Coretta,Richt,8/10/1950,Ak4pOrrTGVyuUvI,826-735-9883,5/5/1981
0000000009,Jobina,Kristof,20/10/1956,fHA9Xn3PGIpvKRb,334-642-0179,3/4/1997
0000000010,Edie,Skydall,10/7/1984,2S8Al6zMlVBVgi1,662-621-8611,5/12/1971
0000000011,Florina,Rait,9/8/1991,eA72rp2FvXzrOSD,746-892-1002,25/10/1971
0000000012,Vannie,Genge,1/5/1978,2lFc8y6o12DdbwH,357-900-0538,23/2/1996
0000000013,Tobey,Kitley,9/10/1979,XVdhFzy4VsTprUh,195-290-8293,26/2/2018
0000000014,Osborn,Teesdale,25/10/1960,ojQBxXpqJwa3R1g,304-320-9226,18/4/1990
0000000015,Jarrid,Yakobowitch,15/4/1992,Q11z3fuV8x9oKwH,124-254-4586,27/5/2012
0000000016,Zsazsa,Ayerst,26/3/1987,syDfQSL1zVZpRL4,636-465-8127,7/4/2010
0000000017,Andreana,Beeken,26/6/1992,iChaEZkOyJvOOyf,501-868-9897,16/5/2021
0000000018,Darla,Hitcham,15/9/1994,77D3icm33J23f38,440-855-4763,6/10/2013
0000000019,Daveta,Daughton,6/11/1982,Jr82zh8NKH8DqnF,503-792-7064,28/8/1992
0000000020,Angelo,Marshall,10/3/1959,Q6lSo0Lp0qBeNh6,885-680-8628,11/10/1984
0000000021,Rustie,Larcher,23/3/1987,Um5zYy859sRxp0i,331-792-5677,28/11/1982
0000000022,Barnaby,Gair,20/2/1983,B7TCKLGoIOTRFGA,604-446-9440,13/3/2006
0000000023,Erv,Shelsher,23/5/1957,sPzdkmdXTA8v8ww,354-976-7558,26/12/2013
0000000024,Ellwood,Dash,8/1/1982,hF4iUHl0d1zmdO2,870-429-1237,5/1/1970
0000000025,Florentia,Firebrace,10/4/1959,P1jj5NkZ1Yf2fLR,948-523-9494,28/8/1993
0000000026,Claire,Levesque,30/3/1950,FMxn6WvRUszWPWj,906-399-8732,18/1/1984
0000000027,Jenine,Wynter,24/12/1955,SSxCWqIwweNEPlH,274-488-9579,8/9/1992
0000000028,George,Sikorsky,13/7/1980,miC1RbPN0WZZIBg,942-234-9517,29/10/1991
0000000029,Zarla,Ebdin,21/8/1982,WlpVuCKSGPecLAv,567-120-3537,6/1/1986
0000000030,Charissa,Wragge,21/2/1988,RYAsnVRKZba9RYt,158-967-6587,17/6/1996
0000000031,Joachim,Worviell,15/10/1963,svByfag9NHGey47,434-295-3488,30/11/2012
0000000032,Jeana,Bluschke,2/2/1954,lJWk6xFqYVVAmCQ,667-146-4736,29/10/2016
0000000033,Meade,Finnis,9/11/1972,Chtf8212yiJ7SOk,390-783-1165,2/11/1991
0000000034,Pooh,McOnie,10/3/1965,a7TpMJngdw7ki2z,453-115-9665,8/1/2009
0000000035,Junie,Humbell,14/10/1988,aOrjzQrywm4bnPG,924-429-9804,26/12/2007
0000000036,Karisa,Velten,14/7/1989,rNvnoyjlBy27zXn,844-889-5259,30/8/1973
0000000037,Michelle,Wheldon,14/3/2000,siKBScpOeK3lpMY,840-255-0747,13/7/1972
0000000038,Josefina,Petch,4/8/1965,LN5e92joajRXD2B,938-233-3920,5/4/2018
0000000039,Matias,Steger,19/9/1966,ZQW1CfS6DiRFrSq,436-798-8933,30/4/1978
0000000040,Anne,Ladley,5/8/1973,Bsb1cOLzjZHL2WH,787-959-1631,9/1/2013
0000000041,Guss,Tows,28/4/1984,wSgQRmkpGr5w6aE,566-940-2723,3/2/1973
0000000042,Cathy,Schulke,30/7/1963,E0jZjhJNeD1i7TL,477-306-6208,30/12/1994
0000000043,Traver,Mapson,25/10/1990,VLnbL87XNJBptAz,305-253-3680,22/12/1970
0000000044,Krystle,Nolton,23/9/1961,LROjMYjhZMqIGzv,201-287-8298,6/3/1990
0000000045,Poppy,Beevis,9/5/1991,ZZ9HtMHRcYGBFVP,962-366-9368,14/10/1995
0000000046,Drucill,Hubatsch,29/6/1995,wQ7jhv7ZeD9VXNY,617-306-1516,21/8/2012
0000000047,Aundrea,Foskett,8/3/1997,CAb3uyQfaoSSGHy,723-268-7962,20/8/2013
0000000048,Jean,Romanelli,15/10/2000,4sX8selaRdKq2dR,697-576-9360,21/5/1977
0000000049,Chas,Hallgate,28/7/1998,IY4SoqmKHrYhV9v,826-503-0191,20/3/2021
0000000050,Sorcha,Jagson,20/10/1955,xy0W7lsjfN7D512,685-945-9742,10/10/1976
0000000051,Ruthe,Hemstead,30/9/1953,GkDRiNZIdg4MH7P,962-412-7354,17/2/1994
0000000052,Shanda,Leindecker,4/10/1966,zNYc1U485InERHX,727-560-4962,21/4/2005
0000000053,Pennie,Berrigan,30/7/1961,JBFcHl7PiHOOBp1,225-464-8900,28/11/2017
0000000054,Hope,Gandrich,26/12/1956,cG8dONvFTQRy2NU,858-215-2628,1/11/1982
0000000055,Rene,Sackett,23/2/1965,fOWpfHLdBBP2jRC,509-715-5000,5/5/2011
0000000056,Joete,Mabson,11/8/1955,rlXomUdoa0ArYPp,843-962-9749,25/11/1986
0000000057,Talyah,Baudoux,24/10/1996,itEv7MvAucBRd8k,187-346-1908,29/6/2013
0000000058,Adolphus,Lemm,21/1/1986,Q6VS4RJoCcgL6wq,984-167-6815,26/3/2007
0000000059,Ulrike,Gilbee,21/12/1955,cYzh8m9K1yrrSWg,118-471-8079,4/4/1984
0000000060,Christabel,Rapa,5/10/1981,5PVq0JrWrmqgcug,292-204-2288,18/8/1992
0000000061,Basilius,Hintze,6/6/1998,gjZdG7FyCxnkdF3,490-520-6758,29/4/2001
0000000062,Katherina,Hughill,2/7/1994,OquGSydkyazqchU,345-161-7903,11/6/1980
0000000063,Bartlett,Sunnucks,1/12/1970,aXH6aMetgFhCKad,702-600-8499,20/12/2011
0000000064,Kristina,De Hooch,21/6/1995,eGyEXDg9yIuFnS5,166-889-9168,25/11/2000
0000000065,Prissie,Joyson,1/7/1958,r6DxK0RYwOdLU4M,649-150-1754,17/7/2006
0000000066,Shelby,Dye,6/3/1950,C6FUSbD0ANx0380,141-705-1654,10/12/2012
0000000067,Ola,Blasl,16/11/1971,TrfGC43dPmragBu,416-356-5055,26/11/2011
0000000068,Max,Breach,4/2/1965,qg5Ba6hALmm9zeo,130-983-4234,1/11/2014
0000000069,Rip,Malpas,8/1/1993,2hXsmeMtwyVw6vg,180-967-1943,16/11/1984
0000000070,Jennica,Garshore,8/7/1996,Rxex3Hekg1kV7Jl,776-330-5976,20/12/2013
0000000071,Ignacius,Corston,11/12/1981,W97bK79aEtjWIKC,976-874-5054,25/5/1989
0000000072,Uriel,Gosland,17/6/1996,zQEHkSkevjueUbA,796-992-5335,11/8/1998
0000000073,Gilli,Kennerley,31/5/1962,oD4B9ABN5iZ8JKd,850-230-5969,27/3/1989
0000000074,Dolly,Boullen,12/6/1955,2RPsHQWFDUSbJYY,522-189-0493,12/11/2006
0000000075,Janenna,Skeene,13/11/2000,6cwXIwZmS3fdIHZ,562-554-3807,19/5/1995
0000000076,Frederico,Cardenosa,14/2/1951,pO40JC7igwawyFl,246-274-1031,29/9/2018
0000000077,Mirabel,Tadlow,30/6/1970,P7lSxs1E4xoglIx,331-618-1270,28/11/1977
0000000078,Lovell,Kentwell,8/11/1970,Wf4uI8XvySWxoA5,974-528-2300,22/12/1976
0000000079,Anette,Hollow,1/10/1989,s551SSSsCij1p7K,556-674-6556,3/1/1995
0000000080,Danika,Casserley,24/6/1963,GtUgB06wuiYzGOZ,546-876-4303,18/9/2019
0000000081,Barbara,Kinkead,9/4/1991,h8UkdqUSjF4sBdw,871-833-3371,14/11/2008
0000000082,Veriee,Renoden,17/5/1995,uZgCNduSoqb75K9,700-308-1879,23/5/2009
0000000083,Caspar,Imm,22/9/1971,ZwigHeoOsXNy4q5,703-734-3553,22/1/1973
0000000084,Jaimie,Doddemeade,23/6/1969,MBS69CxVUoFLqov,125-452-8885,24/3/2005
0000000085,Evy,Sonley,9/7/1955,PeJiX47Kf9WC1Jl,603-727-9050,14/9/1982
0000000086,Loraine,Stellman,14/8/1982,U2ji9hDL9OONTpc,860-789-7749,18/8/2017
0000000087,Perkin,MacNockater,19/5/1965,AqgXXYQ1LQ6BsMZ,478-599-0758,23/7/1980
0000000088,Helen,Nusche,26/9/1995,l688k2txwen8qOD,602-918-6420,26/4/2022
0000000089,Estella,Rubinowitz,14/9/1961,BraFzfmguVnQVqz,603-249-2156,12/11/1988
0000000090,Abe,Cretney,21/1/1981,mNYnogZSGHMku2v,874-780-9729,10/7/1974
0000000091,Tally,Merrell,28/8/1960,cDLQoQotWkAtdoG,204-482-7795,30/1/2013
0000000092,Rodrigo,Rimmington,23/7/1950,Xua5SaI8Y4Jb1c5,567-634-2207,5/9/1994
0000000093,Cherilyn,Hasluck,23/8/1995,fWAUrHz0IsNsIe7,295-765-8570,5/7/1986
0000000094,Tabbatha,Aspland,7/1/1995,hd4ikSIOSBbFNsL,347-494-4596,18/7/1995
0000000095,Filberto,Gorey,2/4/1988,k5xdjs9ZnG6mXPm,783-298-3087,27/10/1992
0000000096,Wallas,Gwinnell,2/6/1975,u278rnoOZLlYd5Q,936-577-4679,27/7/2018
0000000097,Staci,Briton,27/1/1954,k1JCZ1FwbxVuCzh,993-652-0055,17/11/1996
0000000098,Iago,Sandbrook,2/5/1969,6qI3hu8YCBZkVNn,749-832-9430,9/2/2022
0000000099,Rubina,Chopping,25/5/1963,vGPYcJt6T5dV11T,104-242-8510,24/11/1984
0000000100,Dacey,Yakhin,20/10/1989,5wqvj6BvUfmzCmI,853-358-0714,5/3/2004
0000000101,Skipper,Blazdell,8/9/1965,F1ujscLnMypo1Sm,172-928-0438,10/1/2011
0000000102,Kathrine,Howcroft,31/5/1971,UcSfVEtQ2P7hpu3,589-973-5232,28/11/2009
0000000103,Blake,Flude,6/5/1952,KUPyCA533yrjkF1,453-109-4449,24/12/2022
0000000104,Minor,Jerosch,29/4/1963,zQ9YjO3xfhpWUmN,920-776-9921,3/6/1998
0000000105,Marlie,Munden,7/8/1994,UJjy2KPljJbHs7v,936-754-4198,11/4/2012
0000000106,Walden,Debrick,16/9/1994,FCjGgVCw3bwKbk3,359-305-3726,19/4/1971
0000000107,Karine,Titmus,7/1/2000,I54LC2jIE6XOcM6,904-866-4652,20/9/1987
0000000108,Griz,McVaugh,6/6/1981,iseG4K1aalmPXhI,787-347-7790,17/11/2015
0000000109,Maxim,Patshull,22/1/1958,wRw5krBsbRzKzMn,865-202-4289,29/3/2022
0000000110,Fidel,Bircher,8/11/1968,6zemKvnqxDlj81N,756-537-4807,28/6/2017
0000000111,Standford,Kilalea,2/7/1954,iqf3PTLScxkzw3Y,992-815-4170,6/7/2003
0000000112,Allison,Perassi,15/5/1950,ey74XlhFlh04nbK,322-543-8212,19/9/1991
0000000113,Katrinka,Reah,30/1/1959,FyCPH0EGaro3eG1,509-839-8998,3/8/2002
0000000114,Lianna,Dunsmore,21/10/1995,YxTumjS1Nhttz1Y,467-591-7617,26/5/2005
0000000115,Willa,Huntingdon,24/4/1956,khn7gStJEOrDkZn,902-992-4819,4/11/1977
0000000116,Benoite,Britzius,17/11/1997,jQQOecmpv5uWLC9,378-309-3896,6/8/1999
0000000117,Romonda,Jozwik,15/6/1991,KbDJLcpsEv625Do,696-131-1739,20/11/1978
0000000118,Hazel,Smorthit,27/12/1997,K8Aznp3QpYu5fav,161-657-1317,1/10/1996
0000000119,Chip,Patroni,24/7/1999,MuPOgHGxAYksebA,606-981-5412,14/9/2015
0000000120,Darda,Gobourn,26/1/1977,8un2XeUxRAsB52j,793-669-0095,26/5/2016
0000000121,Fielding,Hatton,15/10/1973,kimuDUhvdPw3eO0,345-265-1309,3/6/1977
0000000122,Mair,Logue,18/3/1957,LKxJT6j6VIv2seE,221-496-9816,27/9/2008
0000000123,Jessalyn,Le Lievre,9/9/1993,zhMRWRwQeozKjlx,223-403-6880,14/9/2022
0000000124,Brok,Matchett,15/7/1994,ik64hIASnv1vA9P,189-392-5943,12/3/1970
0000000125,Orella,Coolbear,11/4/1978,nlzSuVoD5iSBBaA,799-821-9558,29/1/1983
0000000126,Greg,Doornbos,14/7/1993,qcqs7nhIvutgEzb,536-227-8481,1/4/1994
0000000127,Kenn,Beeden,26/4/1982,P2BX24udHr82lC2,504-558-2381,5/10/2017
0000000128,Kalila,Andric,5/12/2000,PPaSIRWXr3DLH9i,167-795-3991,27/11/2011
0000000129,Frazier,Hurry,24/9/1953,erTkWJzXyEsEpFA,741-441-0023,2/3/1973
0000000130,Lorilyn,Welbelove,16/11/1955,dSQFuQ4pbthZ0Ql,456-141-9094,19/1/2011
0000000131,Stacie,Gobolos,4/7/1988,T6F4JyJLjLTDEAH,758-285-8280,19/9/1987
0000000132,Meade,Moreman,5/11/1977,mntK6JKnaTRlqQ2,774-190-7058,17/11/1990
0000000133,Zane,Smogur,15/3/1960,G0iCG5zl3MifAmG,613-862-4671,3/4/2012
0000000134,Pasquale,Bratchell,7/12/1981,DrfMu31SDEDGrK0,340-392-2790,31/3/1985
0000000135,Lilly,Harmon,6/2/1972,N9zzqXvlgUkgjut,122-278-2664,10/3/2017
0000000136,Massimiliano,Haestier,28/11/1968,qNlbNR3x7jNGBDD,388-841-3993,13/3/1995
0000000137,Hattie,Sausman,21/3/1994,XtR4uVSxFTNgaui,811-398-8399,23/3/1985
0000000138,Davine,Eloi,4/2/1966,60b0Od5SjGrk6vJ,766-490-4414,19/5/2003
0000000139,Timofei,Siddell,3/10/1971,nSpZhgNwT9PbXcT,667-756-7224,22/5/1983
0000000140,Kristopher,Huertas,20/8/1978,VKgPya1T6rHqHFw,203-179-9527,21/3/2022
0000000141,Saul,Chainey,1/2/1987,VTcyPZNt4WoWsx6,593-935-6523,6/2/2000
0000000142,Amberly,Tibbetts,19/2/1997,3IiOIr9j8jyxwDk,331-167-9781,12/1/1979
0000000143,Theresina,Castillou,23/1/1972,HdhgG1WM8jUnwqO,565-366-4618,17/8/2001
0000000144,Pablo,Greedy,9/3/1965,eCsExRmNcKNjr8u,358-144-5993,15/3/1986
0000000145,Garvy,Yeliashev,15/1/1990,IqZ41BAuiDkbj9h,896-730-6323,15/1/2009
0000000146,Dixie,Hess,18/4/1974,l4QjJADXNMRRmWm,335-443-7915,18/9/2014
0000000147,Angel,Trapp,6/5/1969,LTMECo9yAYRWzzV,593-513-1594,6/3/1999
0000000148,Arlee,Gillman,8/2/1990,N32W4BiKFiRMqbX,232-759-4034,15/12/2021
0000000149,Olympia,Grint,6/10/2000,xHNy6lu8kO0B9mV,735-533-7345,3/8/1995
0000000150,Nana,Biddle,14/4/1969,nc4woxHuwZXjYnS,545-401-7188,3/9/1977
0000000151,Merna,Meron,27/6/1964,XWHW2y5zSDJwBh7,652-307-8185,29/10/1998
0000000152,Elnar,Roden,2/7/1955,Rb6q3ICR5MvE0Bo,246-401-3908,23/3/2002
0000000153,Lesley,Hedin,10/5/1980,quTUo1H8DNzzHiw,309-117-3060,23/5/1977
0000000154,Dick,Burke,2/12/1953,S3UPPtCwT9RXs6P,134-890-9351,26/9/2012
0000000155,Benn,Timperley,23/4/1969,iSU2U3n1Bqn9Z2H,105-516-4359,22/6/2003
0000000156,Thomas,Vassman,9/2/1972,o926rXY24O9wIH6,559-656-9463,26/6/1980
0000000157,Tulley,Lindenblatt,21/5/1962,Oc4ghoUoV0PH8Ao,621-963-5287,11/4/1978
0000000158,Raquel,Olenov,5/10/1989,U32YqYTEJXqjrA7,832-488-5677,30/12/1987
0000000159,Miguelita,O'Brien,7/6/1998,O9LNbfQzJtxILBz,673-757-0080,7/5/1980
0000000160,Bryce,Eliassen,13/10/1979,v8O6pplTNmgJBN6,712-979-5382,4/10/2014
0000000161,Consolata,Jennins,18/8/1980,MiiUa3OENH6lic0,685-727-4308,3/1/2021
0000000162,Shoshanna,Volker,19/9/1985,ZzCG01ojaBMUvrE,338-370-2556,20/6/1985
0000000163,Waylen,Winkett,12/8/1953,7O4mVvRPV7Hr1db,940-953-3586,11/5/2021
0000000164,Pete,Gallanders,9/4/1952,QdDcgSJL5yvq0Wr,799-185-3932,10/4/2014
0000000165,Jillana,O'Brian,8/1/1998,qIJVyySDchIDogK,262-506-7261,4/10/2004
0000000166,Dorie,Gawkroge,8/2/2000,rsWaV3aYUezTtV0,828-996-1570,10/10/2008
0000000167,Petrina,Burmaster,2/9/1981,4iO79eIwHp7jA3a,848-974-5568,5/12/1978
0000000168,Beatriz,Monnery,13/10/1989,hnTdkOf71fJjc3D,820-752-4865,21/8/1979
0000000169,Lionello,Indgs,18/1/1996,8SBVuPywelAk2Jm,889-233-9707,10/7/2010
0000000170,Jocko,Osgarby,16/7/1958,RWo49pJ3yGKVtBt,394-728-0069,28/7/2013
0000000171,Gorden,Neiland,6/5/1950,2hRDyAKMYfBs1DK,189-949-4776,23/12/1970
0000000172,Stacy,Clopton,1/3/1979,PQgz24dQ95bKMjR,515-827-7341,9/7/1994
0000000173,Sharyl,Kores,26/2/1960,f4fQtEYXzblpCDI,858-515-3947,2/5/2016
0000000174,Erika,Beagan,28/6/1959,TYT8XRU2rq8Yk1B,677-363-1464,18/4/1992
0000000175,Wilow,Maltster,1/2/1962,emAapNZ2pupjQnV,386-663-2358,17/10/1987
0000000176,Davide,Hoston,24/7/1969,j6qKgwjbkAlAPuW,128-778-9028,11/9/1990
0000000177,Jermain,Venditto,19/10/1964,2OLplHtkfPz7MHD,761-250-6468,7/8/1976
0000000178,Lillis,Mulhill,3/9/1974,wXRRCbuEr2RdkMY,210-265-3998,7/1/2020
0000000179,Oralla,Innerstone,13/4/1976,akaeRz9NYXFlVku,254-937-5735,24/11/2011
0000000180,Conny,Siggin,23/10/1988,vEJe1D2v4wNNdFF,835-903-0871,3/10/1976
0000000181,Waldemar,Ibel,31/1/1956,0e5zoExAw0RkbVU,591-145-8382,25/12/2017
0000000182,Marley,Kingston,3/12/1989,vhEtBLMHZAPQLi5,579-940-0278,14/3/2017
0000000183,Chaddy,Cassius,27/3/1974,0qL9aobTNalZbEM,349-309-1135,25/11/2005
0000000184,Danila,Bradock,5/10/1958,0QZYH89gNVY7Pth,399-855-5154,14/11/2014
0000000185,Garner,Quakley,4/1/1983,yLZElx9sXcsYkhQ,182-316-6104,30/5/2002
0000000186,Harald,Adamini,24/7/1992,WjumhvOO4tPkLGR,652-182-0231,28/1/2009
0000000187,Sheridan,Allsupp,1/5/1974,yNOjAkzgl2iTBZa,556-572-0707,19/4/1976
0000000188,Amye,Sudell,13/1/1990,zLdvqYkhlAPJwq6,498-367-4559,26/2/1998
0000000189,Luciano,Newson,30/4/1953,LwlrJdQMMNgDeJ0,244-223-7057,23/2/1982
0000000190,Kimbra,Slamaker,3/11/1972,ksuM22vZ3T8EA3Q,367-539-2304,16/5/1991
0000000191,Oliviero,Roylance,6/11/1957,bOOC0QqFs6qHn43,909-227-8117,14/10/1987
0000000192,Nara,Sharrock,1/2/1990,W1dTT2sMtGMZTZc,715-415-5782,17/9/1978
0000000193,Marijn,Rainey,17/3/1991,VOvHay0ju3C1Grf,160-406-1348,17/1/2000
0000000194,Sandor,Fleisch,2/10/1951,6po4MudToxObnwN,521-328-4309,4/1/2021
0000000195,Ignazio,Pizey,16/1/1999,I6sOeZdiVtGC0D7,148-333-9356,8/11/1996
0000000196,Jodee,Ofen,14/6/1973,vwFpcKpJQKUTYn0,837-950-1444,29/9/1982
0000000197,Glory,Bagenal,9/8/1956,TCASkNC7vZ9mrYr,997-515-5371,27/12/2016
0000000198,Jason,Battabee,11/6/1953,DSwI032M983QsWk,333-886-5973,1/7/1987
0000000199,Barbara,O'Noland,6/8/1961,EUW9OiIjPWB9Ele,562-172-5820,30/6/2005
0000000200,Estrella,Casiero,2/8/1997,SlCZIIjHmLkJg3w,332-341-6600,1/5/2008
0000000201,Gregor,Seven,23/12/1964,iwwwGx5uX3NgvDy,947-689-5809,5/10/1976
0000000202,Dorothee,Sibthorpe,31/3/1959,DIpAp04aTxr9QUw,965-166-7047,11/12/1982
0000000203,Dalli,Crumb,4/3/1963,O3638wFHuPrc5w5,981-290-6234,2/3/2018
0000000204,Jaimie,Raoux,29/5/1954,vSBjSL2xzJD8Ngz,209-532-0345,15/6/2012
0000000205,Bay,Abrahamoff,5/1/1998,dtLHTqCFp8mXpSt,574-690-6681,2/8/2010
0000000206,Daryn,Cater,15/12/1987,2DgdJUZymZ7TZwK,929-805-6017,23/4/2019
0000000207,Cosette,Gwinn,23/11/1965,zj2bivxV9tn2vgS,370-609-4924,12/7/2019
0000000208,Aliza,Simeoli,4/2/1989,QJayRBEEVT8kuDh,482-636-9412,6/7/2005
0000000209,Brynne,Mawhinney,4/5/1978,xQilqHJawiygvJh,482-908-0838,15/1/2020
0000000210,Fawnia,Harkus,15/10/1994,BTwc9N1NBPxwWLg,380-121-9796,18/4/2010
0000000211,Cherry,Rochester,2/4/1958,eoz2AAdT0vTYfcz,769-314-1105,28/5/1988
0000000212,Harwell,Fowlestone,21/12/1973,E43e0aeJ0iIZp9U,444-358-5600,20/3/2006
0000000213,Gilburt,Staite,29/11/1999,JJCPCIUbF5QXK3T,701-266-3928,1/1/2000
0000000214,Nissa,Nattriss,15/4/1999,VojCPB5WcfUkuSS,809-498-7699,15/8/1995
0000000215,Marjy,Crippill,15/11/1975,NE92UbmUhWLkEJa,220-866-9790,1/5/1972
0000000216,Amos,Crake,3/11/1993,nHF6G0QWLfev9dc,128-810-0103,31/1/2018
0000000217,Keane,Braham,1/10/1970,Sie2I3m8YI3yVL7,347-317-5587,30/11/1980
0000000218,Ginni,Mumbeson,10/5/1988,2DHAgbxSABPPNy2,926-824-8326,18/7/2003
0000000219,Giovanni,Cheetam,17/2/1959,ZP188WsKRsSjIMg,709-571-8168,12/8/1980
0000000220,Janina,Lerigo,21/11/1979,rJlUZtxCbjpcEvJ,124-276-6474,31/10/1990
0000000221,Rickert,Blenkinsop,15/1/1988,uT6QHZDan05qffV,581-914-8128,16/7/1978
0000000222,Haven,Gonsalvo,12/8/1997,Dbct59aepyPzcAN,352-436-2876,1/2/1971
0000000223,Sanderson,D' Angelo,15/10/1980,Jy53EQD1GrZ4QpE,478-105-1248,6/10/1998
0000000224,Costanza,Piscot,26/4/1978,BjhaiEdGkC5gz8s,703-429-0437,18/3/1995
0000000225,Kameko,Vain,10/2/1995,oeUunEgVTa6sv2P,531-668-1765,9/3/1980
0000000226,Fletch,Denerley,7/4/1994,UfBxvg91fohLGsK,451-187-3391,28/7/2020
0000000227,Wrennie,Tourne,17/3/1981,jw644pNGRLSYmYG,267-657-7554,4/11/1977
0000000228,Gavan,Kimbley,5/11/1997,6b1aMoovMrwHTkO,526-174-2072,20/8/2005
0000000229,Cassie,Gut,7/1/1981,pGKDiVQKll8UA7g,109-384-1289,8/10/1994
0000000230,Joshia,Wigan,29/6/1978,ouWvmNEyJoTqI8l,827-435-9831,24/3/2016
0000000231,Tanny,Fallen,23/11/1984,7VqWBtXG9Nu1B27,757-311-6876,22/8/2005
0000000232,Franky,Northfield,18/2/1996,tLlD1ieK6CxXZQA,331-903-1222,19/11/1982
0000000233,Modestia,Maple,10/1/1956,xQyVwEd5AS5wZ35,380-914-0639,14/8/2005
0000000234,Sharlene,Timberlake,8/4/2000,poaablCU9YzsSSu,350-230-5809,25/7/1996
0000000235,Margie,Loghan,13/12/1975,DIinUsZpr4KuOII,837-309-6987,28/9/1988
0000000236,Astra,Loadman,8/2/1993,UsCcDD55ed8YmBf,548-863-0887,27/8/1983
0000000237,Serena,Raise,4/6/1967,KLk2QlS5wePnfMI,293-470-7015,20/3/2002
0000000238,Charlene,Dehn,25/5/1961,9B2A2cMiwVjnxZr,454-791-4059,15/7/1988
0000000239,Kennie,Poll,28/12/1989,xDWhUisTo2inBVm,815-279-0603,1/5/2009
0000000240,Renado,Draysay,27/11/1978,WEqVhVkTVRfXbtN,437-161-6585,1/12/1972
0000000241,Cyrille,Middler,16/5/1962,9i6cPWpDCXMmWVl,874-750-0505,8/10/1992
0000000242,Sharona,Pye,30/12/1958,gwLEZh71chEF9ST,580-125-0167,11/3/1978
0000000243,Hartley,Monahan,29/5/1981,BvRFPwzWss3a18W,548-729-6259,1/1/1972
0000000244,Rudy,Lillo,28/7/1998,pWK3ncPAnTmqekp,321-632-2736,22/8/2009
0000000245,Chandler,Andryushin,23/1/1951,qyLYPlRNtNe5fzn,908-480-7418,26/3/1989
0000000246,Oneida,Custed,22/3/1971,n0ZnZIuPo5nhQHc,375-570-5511,10/3/1978
0000000247,Sande,Dyster,4/3/1967,WGvzxPEAAG9sSlK,561-402-9412,28/8/1987
0000000248,Rob,Massingberd,26/5/1989,vg7Ezm8jPVf9Mvd,275-846-8701,12/2/1976
0000000249,Romola,Kenningham,25/7/1960,Ba7G2FmnaGpqCPw,222-791-0103,20/12/2010
0000000250,Caddric,Sieghart,18/11/1978,EDkVqciuU2l3Wyz,375-747-3895,6/11/1978
0000000251,Stinky,Kopf,27/12/1993,ooaEmCK6sxbaFLT,696-572-6395,17/2/2008
0000000252,Andreana,Josofovitz,21/7/1977,req2vCZZLYzLiH6,128-340-1718,1/7/2010
0000000253,Dianne,Clemson,16/3/1958,O6xnFa0vIhpP2LI,122-704-9309,11/1/2020
0000000254,Ingunna,Levecque,27/9/1951,0Ok4ZGnjMvLKMIc,452-649-5736,13/6/2018
0000000255,Dita,Hulstrom,26/9/1972,9MAx5j4U4J2byRv,472-860-2217,3/1/2005
0000000256,Constancy,Upshall,3/4/1999,FZdHIEP1W84dCS9,990-231-5741,18/9/1997
0000000257,Pen,Casiero,10/5/1988,zGO6X7LtvdEs027,521-938-9296,12/1/2021
0000000258,Si,Merrison,19/4/1977,JtDSIyLn4mV0bp8,104-919-9456,29/5/1983
0000000259,Fidela,Elloway,17/2/1997,9rdmzNXDdBz0ymo,902-282-4266,15/9/1977
0000000260,Kaitlyn,O'Lochan,20/5/1962,42h6TyPGEaE8taz,184-568-2740,29/5/2013
0000000261,Josi,Brauninger,21/6/1958,aM6izevwZlbp0Cc,902-745-9715,12/2/1982
0000000262,Earvin,Broader,22/8/1985,pL0fDkqtIusuG48,413-139-3535,9/8/2008
0000000263,Halley,Abbess,7/9/1983,Xo0kYlMk7xfWaMD,205-401-2097,2/4/2002
0000000264,Keslie,Troctor,17/12/1962,tp4HhUBHzzP1GAA,952-237-5435,21/5/2002
0000000265,Ketti,Benardette,11/3/1969,LOBUoMMftk9ShJW,808-653-9468,20/9/1988
0000000266,Steffie,Yoakley,20/5/1970,oZxe8uQLuVgASib,537-585-5386,8/1/1971
0000000267,Otho,Gilstin,14/8/1951,nI34ElKPmZFo31h,223-226-1740,14/3/1983
0000000268,Marybeth,Keeffe,17/1/1953,fMubEeCAs6hhmij,744-173-0410,22/11/1992
0000000269,Wadsworth,Beneze,26/3/1953,nrn5YjPib38af6i,931-331-6262,10/8/1995
0000000270,Carrol,Goddman,15/5/1987,mUPTQtchrAxMD80,589-364-5285,15/9/1971
0000000271,Osbourn,Sainteau,21/9/1982,oYx4yDCxedLZ70J,670-705-1446,17/5/1980
0000000272,Damaris,Forrestall,8/9/1973,UqCoZ5TnNGdeUNr,274-822-9820,8/9/1992
0000000273,Georgette,Snelgar,14/2/1972,rg9uxBStDJQOjNY,598-415-5704,26/4/2011
0000000274,Eugene,Griss,11/6/1969,e6tE9llAqv86z0x,344-761-5919,29/6/2018
0000000275,Sue,McNirlan,23/10/1993,nzo03Kic8Q903G4,912-245-4616,16/12/1970
0000000276,Millie,Davitt,14/8/1998,h9jlD63kqcd1f0F,757-168-2875,13/7/2010
0000000277,Andree,Attwood,31/5/1962,O5uvRm6hcbfSj3w,200-239-2298,13/7/1988
0000000278,Fallon,Greaves,23/11/1999,8cKrlipuEwRj7TO,587-380-0060,4/5/1980
0000000279,Jamima,Innwood,10/6/1997,20gINS1DSl3bMoV,903-562-4478,16/4/1979
0000000280,Davidson,Lippett,25/6/1980,Vvdf3eSzick5TXt,158-871-6055,12/6/1984
0000000281,Juline,Percifer,27/7/1978,NYRwfokDge1Aexq,246-929-7327,9/5/2001
0000000282,Paolo,Chestnut,14/2/1988,CONEhY6T9LOYRSY,695-973-1552,8/10/1976
0000000283,Luisa,Pogg,14/1/1959,dHGXG7BBwhhhtyQ,683-587-5207,4/8/2007
0000000284,Carol-jean,Mithun,1/1/1970,cHZznRhklMHeugP,687-852-5942,14/3/1989
0000000285,Petr,Errey,15/2/1977,cOJcx3HCr1N3POe,773-269-3190,19/9/1998
0000000286,Henka,Shrimplin,17/9/1987,lhXOFtQPF7H5CgG,853-221-1376,15/1/1994
0000000287,Karyn,Mothersdale,9/6/1980,wqpJq1uEDCxmK3r,587-913-0107,15/5/1993
0000000288,Quent,Duggon,16/9/1951,AROGHVeAAwMqQiT,295-163-8324,30/8/1991
0000000289,Carey,Gillingham,4/9/1983,l7lvp29qf4n2bnq,103-170-4955,15/4/1983
0000000290,Robina,Whatman,21/5/1950,UdPENeao8gtRZNa,771-732-4128,25/10/2020
0000000291,Alison,Grose,30/3/1962,MsDK6ksmeNGRxEg,361-996-9344,9/5/1991
0000000292,Hester,Elcy,4/1/1982,gexh28QrIq7R6uP,372-771-0412,20/8/1979
0000000293,Diana,Jerche,24/11/1999,b5rfdxRiUv54458,111-986-8918,6/2/1974
0000000294,Tyson,Blogg,8/10/1990,aoba2gf7Dy0ZmxG,567-175-1556,23/1/2012
0000000295,Randall,Harnell,27/12/1980,ww5SwgvxruCdTqR,702-758-7163,15/11/1996
0000000296,Frances,Saltsberg,7/2/1957,2RWtJEtFHBp320U,738-957-0287,6/12/1995
0000000297,Homer,Belk,18/11/1991,i2i43BbNrcZpcIc,836-621-0064,12/2/1991
0000000298,Stafford,Gavozzi,22/9/1995,tpYP9EHQ3dqxfK4,228-187-6602,3/7/1990
0000000299,Sashenka,Cote,8/12/1966,VncxVreNoTQ3ez3,371-943-2196,6/3/2021
0000000300,Kati,MacAloren,5/7/1982,V2mnSb7KCWWMvcJ,702-322-6516,20/9/2015
0000000301,Morrie,Kybert,27/10/1954,95UcYbep26jmeZ5,881-554-8632,23/4/1996
0000000302,Bel,de Castelain,8/8/1966,vaHUaFGCGKMpaLV,621-830-2762,13/5/1995
0000000303,Pennie,Lewsie,31/7/1997,6wy33DmnSFyuW8w,733-427-0763,4/5/1983
0000000304,Kath,Treagust,18/11/1974,tyySqXvD6YXY0iz,510-670-9993,20/7/2010
0000000305,Aindrea,Ensley,27/2/1989,o7IxGGqYqz9MTMC,316-972-4920,8/12/2008
0000000306,Coralie,Lightbowne,13/6/1963,DOFuWcuqxgjGNQg,117-829-5761,7/5/1994
0000000307,Verina,Pallasch,21/2/1997,hyg7H741ULSZeKD,914-508-5534,20/10/1981
0000000308,Read,Swinburn,14/6/1959,fsLBHpVzZtEV6cD,161-722-3747,24/5/1978
0000000309,Errick,Seavers,10/10/1967,VM3vvSXj3LvNzGS,460-115-2501,13/4/2022
0000000310,Cordi,Ranyell,21/6/1963,eoaja5SpGm39LBu,921-230-0666,30/8/2011
0000000311,Rudie,Mournian,11/6/1967,XY7CTIWMOgJlCwK,132-964-7313,14/7/2022
0000000312,Maynard,Feander,26/9/1976,icU2Aj88G2XroJK,975-621-9896,23/7/1993
0000000313,Crystal,Lilly,8/1/1997,ZFAJRLf8OiszPQz,904-405-4434,2/2/2022
0000000314,Lisle,Livermore,16/11/1990,AjXcmKioFiMMblO,572-405-5739,30/11/2012
0000000315,Emmit,Noteyoung,7/9/1983,qlpHOzsFswqkWJB,115-238-4562,11/10/1981
0000000316,Gates,MacRinn,28/10/1976,0tKopVLhq9GTfJg,520-309-9996,27/5/1992
0000000317,Reggy,Sent,13/3/1995,OsDVqa0MXwcoDZW,763-961-3526,6/11/2003
0000000318,Delainey,Smallpeice,24/6/1977,ElVc7RQ6qzjLzFN,334-568-1549,1/5/1973
0000000319,Eileen,Alderwick,12/12/1952,IyQhbZ0OA7TSu5z,170-270-0378,17/6/1999
0000000320,Murray,Chieze,20/8/1983,nRrDxjEarSPXb2a,572-478-5968,24/2/1986
0000000321,Rebecca,Eustice,13/1/1993,bpBOhMUt3K5sSNe,994-269-0619,17/11/1970
0000000322,Winny,Adamczyk,23/1/1963,vyJfraHfvqrTYEq,488-516-2134,1/8/2004
0000000323,Grove,Joinson,3/3/1993,x7qYa9RorX98PjX,255-417-4143,4/12/1984
0000000324,Kalinda,Dudbridge,22/5/1994,x2HuRsvQBUEi2xR,859-758-4723,20/1/2017
0000000325,Bev,Paull,19/12/1969,UbjE7kuVq1gXUld,430-861-5430,3/3/2021
0000000326,Jillene,Esser,6/6/1989,RKnPPS2uHffeiYv,331-347-4004,15/12/1984
0000000327,Jacklyn,Neilan,29/9/1983,iXOoqCFlOjqayx3,756-214-2591,2/1/1992
0000000328,Sacha,Patel,5/11/1957,3wwmDFys0pvu0GD,962-191-0274,18/11/1996
0000000329,Amitie,Marchent,24/7/1957,43iPxBFXNuzo1JU,456-797-4121,18/8/1989
0000000330,Dede,Proffitt,24/11/1960,7727cN7Q1YYIDU7,477-921-8170,22/6/1995
0000000331,Livy,Huxter,10/12/1972,2vT2A1rfBPtWZt5,515-476-1727,16/7/1978
0000000332,Linette,Fer,4/1/1998,5183fqlT6FA46YC,532-681-6914,24/1/1981
0000000333,Levin,Aimable,11/11/1969,df3KRAkMONincB6,899-573-3722,8/3/2008
0000000334,Juieta,Feavers,1/10/1966,IQfA1mtMWYGQmMp,380-305-3500,23/8/1975
0000000335,Juliana,Jerisch,22/10/1956,SJpNahEFaZAZ2vV,297-200-2774,9/2/1987
0000000336,Oliy,Barthelet,11/11/1980,fVfOjbSXLR6m9cy,895-837-7155,27/9/1987
0000000337,Emmerich,Grummitt,4/6/1951,7SBE2sj0baqSP49,245-768-4025,27/1/1972
0000000338,Hewet,Wallice,23/1/1998,Wun1MMH0kUC16P0,974-940-5708,28/9/2005
0000000339,Petrina,Simon,4/2/1998,HijazRvjOP96KJq,713-908-0773,30/9/2007
0000000340,Hattie,Triggs,30/1/1983,08vjHUE4bZqxBkK,680-716-6265,2/8/1988
0000000341,Nicolette,Quartley,30/10/1983,47LxgHFUzdjHgtL,537-755-2832,28/6/1973
0000000342,Mendy,Biddle,27/8/1965,5ehxk772cA6G0HK,434-741-1076,27/3/1988
0000000343,Cybill,Volett,16/12/1984,CUCnvRaHq6FQ6bK,817-608-3428,2/9/2000
0000000344,Jenine,Attwooll,25/9/1987,Mvk8WPPNZkexYkq,338-392-2070,12/1/1998
0000000345,Caesar,Kleinhaut,11/4/1999,WnsKd7NlbGsJ9l0,492-282-5142,19/4/2001
0000000346,Deeanne,Breckell,22/8/1982,8PAbb5DZpZOKew8,216-197-5981,14/10/1986
0000000347,Zolly,Kemsley,8/1/1957,ZeexYU6lxKKhtHU,718-341-7612,8/1/2007
0000000348,Ginny,Castagnier,27/7/1994,iuUis5fU8GWZ9Km,860-493-6706,23/9/2014
0000000349,Andee,Crossingham,2/12/1955,WJ8b4vK4IO1hgKL,946-786-4043,26/12/2008
0000000350,Josefina,Samuels,12/8/1998,eRUdsdPshjPdidU,516-449-7243,3/2/1974
0000000351,Rori,Aimable,28/5/1975,OIlzQhsjFfUuTCi,412-809-4741,15/3/2016
0000000352,Kailey,Dahler,2/2/1973,eZhfEXWSNHQImtO,272-946-7038,3/12/1983
0000000353,Kimberli,Semble,31/12/1974,aabk3botNwgDl0s,370-737-4323,28/9/1988
0000000354,Cam,Heighton,16/10/1969,1gxKyxgWzN6sMgy,952-490-4571,13/11/1998
0000000355,Chad,Swayland,11/9/1957,yhXAmgUcXIEeR9J,886-931-3893,24/2/1993
0000000356,Tonie,Krystof,22/7/1957,nLU6WmWrodPQXe5,722-524-8218,12/7/2003
0000000357,Lorianne,Falkous,10/12/1987,0s8BaGp83DdeN1n,955-814-4698,29/6/1979
0000000358,Ricca,Widdicombe,1/10/1966,U5AaJznrglOKxzV,709-210-6516,7/9/2005
0000000359,Olia,Mustarde,13/10/1983,RyR8KnEZNNnzKlW,183-297-6647,15/6/2010
0000000360,Ward,Chavrin,14/7/1958,NC7s5Ugl1aLs6ql,439-260-9437,18/3/2017
0000000361,Joseito,Zorer,17/2/1966,mxEEWYNC4tkEzqG,206-411-1294,31/12/1983
0000000362,Evin,Aisthorpe,5/6/1968,BpGuYPi778N8Dsz,202-850-9306,19/3/1979
0000000363,Chas,Calverd,16/7/1979,7Cr178vJbwTyDVD,835-582-0286,28/2/2001
0000000364,Mollee,Van Hesteren,15/6/1980,pUclAqbCFrlxEnh,599-992-9895,29/6/1971
0000000365,Ally,Poulglais,8/5/1971,IOj8L5oIa6dwRpX,714-198-7921,8/9/2014
0000000366,Lorne,Pinnock,31/7/1979,8Fs1Zd0fbMHtePi,156-341-8766,24/6/1970
0000000367,Salomon,Lincey,16/6/1990,lOfCQxAeqRZ6XIa,476-626-5020,27/12/2018
0000000368,Leora,Bringloe,3/1/1971,jC6MB2gLGe8C5El,486-951-1997,17/1/1983
0000000369,Dwain,Drinkhill,1/7/1995,K9zsmXTOoMjsuJV,591-548-8976,25/5/2010
0000000370,Rena,Benech,11/9/1952,ssB8pG2axNmwyfT,537-841-7431,16/7/1993
0000000371,Ula,Aizlewood,2/10/1962,wPtnhUe6Xs7vHel,437-840-2198,14/5/2014
0000000372,Donavon,Perdue,21/10/1993,MBbfTI5NNaXLE8v,570-839-2656,3/2/2011
0000000373,Delphinia,Tolossi,28/6/1968,wDqf2A9HDlQ9ZM0,823-430-4721,30/1/2012
0000000374,Corina,Bannerman,12/1/1999,CadrAkM1ksftG1d,246-984-5456,26/7/2014
0000000375,Arvy,Courage,24/3/1977,WcUModDGaOaFL61,116-633-8074,2/11/1974
0000000376,Nicholas,Brown,27/2/1955,JDdE18aHtYALdko,486-995-9458,7/7/1989
0000000377,Libby,Suttle,19/2/1959,13ILU6QXkKeDySn,751-522-3265,19/6/2014
0000000378,Anders,Calbrathe,10/2/1984,nt8j45jfCK9mbTP,525-331-7094,21/9/1978
0000000379,Elmer,Dickson,25/7/1995,5ereNyWyhn0UylH,889-717-9260,13/1/1993
0000000380,Hilary,Kitley,19/3/1964,XVJZ1bRJqke5X2Y,201-932-8323,20/5/2019
0000000381,Ardenia,Rowet,15/6/1954,HODHSQ6wP5UKF2f,596-780-2258,18/9/1978
0000000382,Anne,Galiford,16/5/1984,0rjS9gGUHCMHNvJ,549-529-5179,23/3/1983
0000000383,Bertrando,Benez,1/8/1975,cHxy8RDvqsqlHdH,882-619-1677,22/3/1974
0000000384,Domini,Dow,3/9/1987,TzfxsgkNCoUNrPd,300-482-6313,28/2/2017
0000000385,Phebe,McHan,9/4/1961,5LqbOoFdgcbyvVH,933-325-9548,22/4/1970
0000000386,Tanner,O'Fihily,25/9/1965,1LLVfmidybvgQl0,302-123-7089,6/8/2005
0000000387,Sarette,Coplestone,14/10/1997,OPPNggi6ZCKkQrp,187-685-8554,7/1/2022
0000000388,Dotti,Pury,29/12/1950,LOBg6Z3QMDmJM7D,288-405-5657,23/4/1976
0000000389,Leela,Idell,29/3/1991,Nuov3gns02r6vMG,946-533-3331,27/7/1971
0000000390,Cyndy,Gascone,16/7/1993,s4oRWZ2sC5z3iws,755-690-2073,25/11/1989
0000000391,Reeba,Cubbini,22/4/1952,OZGi0WC3ECUJMos,471-193-7324,26/11/1989
0000000392,Lu,Iacopetti,2/9/1967,OEL6vxkVJSFyyM6,183-946-5239,9/9/1998
0000000393,Emmott,Yateman,21/4/2000,mHK84hdmdu53N2i,897-539-6327,6/4/2008
0000000394,Michail,Dilloway,6/6/1955,QEmY5S8Bj9HoQCR,165-132-7498,24/1/1982
0000000395,Hyacinthie,Antonelli,30/7/1950,jWIWW8ztFWyR69D,975-948-4740,2/7/2007
0000000396,Beaufort,Chudleigh,30/8/1989,XY41dyVZys7XQsg,402-628-1556,30/8/1971
0000000397,Cherry,Brettor,7/2/1972,w6QSe81Hchxy5Gd,775-512-5173,6/2/1983
0000000398,Kaleb,Raith,1/1/1966,ufnGgBqlc7t1Nte,908-985-8476,4/2/1993
0000000399,Jonie,Wrathmell,11/12/1965,D8iiEYEgGlMWfqH,197-923-6063,17/6/2000
0000000400,Averell,Beddoes,11/5/1988,IAuLRpNgRr16D4o,954-201-5604,29/1/2002
0000000401,Casper,Trewett,17/9/1975,MTwOkKRjW7CjqLT,425-734-3604,17/12/2021
0000000402,Carmelia,Choake,2/6/1977,YMzYOMrKSe0y9Qa,362-987-5660,26/10/1977
0000000403,Dorrie,Oxx,30/9/1989,1A6qu3n0qoaoKc8,959-134-0391,21/9/2008
0000000404,Lazare,Pickaver,8/9/1990,DdJns90oB5hNA0x,879-916-1846,2/4/1989
0000000405,Valaree,Finlater,5/4/1955,2wyfPlYxTHz9xi1,665-243-7138,8/6/2021
0000000406,Jerome,McMurray,9/11/1952,QrYvdOLqzeltS4C,445-278-9289,19/8/1980
0000000407,Jude,Adamides,5/1/1982,NeJfy8bKAka1g6t,380-560-9584,11/10/1979
0000000408,Leandra,Cockton,13/1/1968,uqMYNOmbXR5FFdB,998-748-6818,14/9/2000
0000000409,Ella,Ellum,26/5/1986,9W5rmtwrxuQ86Rv,948-349-2676,8/11/2012
0000000410,Eadith,Crouch,8/10/1989,CmOFsmBU8vNC8jT,946-809-9338,6/3/2016
0000000411,Brina,Frogley,21/12/1965,yt0JtyMnYJIb9jm,852-565-6692,6/1/2010
0000000412,Milton,Nicklinson,14/5/1973,v2Wc8vHhzIOgiWH,215-937-5002,11/9/1986
0000000413,Ariella,Maletratt,18/1/1988,JqSMlpkkHiRWUF4,806-189-3353,16/12/1999
0000000414,Sharyl,Flaunier,15/6/1976,TIjkXW9hyTaBt0m,462-857-9849,20/5/1988
0000000415,Kerry,Orhtmann,31/5/1996,TpCbwPGc0oF4vWu,508-779-0567,6/9/2007
0000000416,Imogen,Colbert,6/12/1953,MrNjG4g3kFEaDkU,626-648-9144,30/1/1984
0000000417,Tyrone,Rivett,19/11/1963,pUNmjrtBPdP8A9J,206-465-6826,8/12/1980
0000000418,Twyla,Menelaws,22/6/1959,vJuF8WPG0ATiKkT,691-897-2709,21/6/2013
0000000419,Claudianus,Blagbrough,7/2/1963,e5h2iiPAuuNtgSB,773-626-9250,4/4/1973
0000000420,Marcus,Battista,10/1/1952,1hBa93u9nW7sSiB,744-887-9099,17/1/2018
0000000421,Pedro,Buffy,13/5/1977,YRgFW17aycD6zSg,797-639-9115,23/12/2022
0000000422,Monah,Bowbrick,5/6/1973,KkvToZc3WR5QLla,785-370-5794,28/7/1970
0000000423,Rutger,Higginbottam,25/12/1984,AWvrZk4vcOFQJOu,183-856-0312,19/7/2017
0000000424,Guillema,Farnworth,15/9/1981,ccPwE3Surg585q7,400-804-1377,12/1/2016
0000000425,Sabra,Purchase,12/12/1954,6UE9p3JcQKA7eE0,974-847-9165,26/7/1979
0000000426,Dory,Pepperd,18/11/1971,OMlEy8E9o4Fh4Tu,425-438-2577,4/10/1996
0000000427,Rivkah,Bayston,23/1/1984,Ilmokr8tz5lY5Oy,538-264-7761,7/1/2013
0000000428,Harold,Kunath,1/8/1980,iuMihHvo0oGXX2D,474-156-6254,24/9/2016
0000000429,Bonnie,Vawton,22/6/1974,joEaP9jTcxyXHa3,319-278-2721,5/12/2007
0000000430,Selina,Matteris,4/2/1978,Qljve7WyLi7Lumq,210-990-5840,11/8/2016
0000000431,Cary,Deware,20/1/1977,kW1BH3C9mSf70ZE,563-638-9659,12/6/2010
0000000432,Trish,Ambresin,31/3/1976,2W0NSRIqLmICpYm,165-171-9747,23/2/1980
0000000433,Ulrika,Fendt,18/10/1977,oxT5pxFSpSqEBuR,588-613-5013,8/6/2010
0000000434,Alano,Horley,6/8/1982,JidYsGP6NhlvTJ5,650-674-6840,14/12/2010
0000000435,Brooks,Mecchi,13/10/1960,C4LvC9OYq8gFrtV,104-680-3407,22/2/1986
0000000436,Amelita,Glede,19/10/1981,TpCvBKAyXOHsAZq,863-677-3587,2/11/2020
0000000437,Ted,Branwhite,2/6/1993,4HDbA7j8Fpm9xmx,395-947-5892,5/6/1996
0000000438,Clarisse,Speck,23/1/1998,dwAs0ng5lvg7MZY,469-870-4412,25/4/1972
0000000439,Brand,Commusso,30/10/1994,9zxrQZwQPSy0waP,116-908-1846,11/5/2011
0000000440,Orin,Eckhard,24/7/1971,xq24NtK5nfv1vnW,851-252-6926,22/1/1975
0000000441,Bertie,Kaser,26/6/1982,MQvWE3uso3hv00z,780-576-8511,23/7/2020
0000000442,Lisha,Chimenti,21/1/1982,ckYDots9KdsgWXz,141-127-6853,29/5/2014
0000000443,Lutero,Braunroth,27/11/1974,0Rwb1TGIz9g39Eh,884-492-7441,25/5/2020
0000000444,Anett,Solan,3/10/1954,c7FmktZjI3lwxsu,130-984-4602,16/8/2018
0000000445,Taddeo,Dik,10/7/1992,PZjFnwYT2FFkSE5,821-189-2803,27/3/2021
0000000446,Junia,Wivell,7/8/1959,q7xY6RUvMvi1YJH,538-518-2550,27/3/1989
0000000447,Ivette,Paul,6/1/1957,5muG9O22HtaVI3S,937-567-7037,19/3/1990
0000000448,Thoma,Riceards,21/12/2000,7kzKD4BZzqi6rk2,243-190-9261,1/12/2020
0000000449,Alfie,Harmour,9/9/1951,DTvzD6kRiznqMbG,941-262-6239,13/11/1981
0000000450,Parry,Worthy,25/11/1999,7zp3JV3cIGruaJw,615-904-5042,20/1/2013
0000000451,Kip,Eastbury,26/8/1955,auWPtHPvLm4yupP,985-644-5967,1/6/2009
0000000452,Sigrid,Kemmer,26/2/1994,WNs0eBuEq7orjSV,408-306-8598,17/7/1998
0000000453,Gena,Seymour,28/5/1962,qi5fcuyH5z39nIC,665-362-6960,6/11/1970
0000000454,Henrieta,Acaster,4/2/1954,Iwr9OToOpBN59CY,419-464-8886,17/8/2008
0000000455,Buffy,Blaisdell,23/9/1981,DfmJD8vRJUS0UIY,834-876-3048,17/2/1990
0000000456,Eleni,Drust,21/4/1981,iK9K5g9A8PYttSC,257-478-0374,3/4/1975
0000000457,Jsandye,Lesley,6/5/1981,MNkulNIe5oFV81J,495-969-2379,13/7/1978
0000000458,Jennine,Leonard,21/3/1977,wzo28qyBabGOK3z,515-623-4399,21/2/2005
0000000459,Averell,Julyan,23/4/1965,wQnq3VKwwFvG7tz,601-602-1803,21/5/1999
0000000460,Kimbra,Binnie,19/9/1977,Y1svSfIxNx7Oydg,720-726-5920,3/6/1984
0000000461,Benito,Dust,24/7/1969,VhOxDTZsuUIH5LJ,158-606-6802,31/8/2015
0000000462,Carlotta,Kolak,2/5/1962,LKVSigWys7iNRES,775-698-8682,17/4/2020
0000000463,Claudianus,Waight,28/2/1951,USQAL8B3akSKWNg,976-497-2685,18/9/2016
0000000464,Randene,Dansey,6/2/1993,AHDQJoTeFlXVeOb,623-473-2690,8/5/1980
0000000465,Aldo,Merigeau,21/9/1987,Jgj1D2BnW1CY79y,576-270-3778,29/10/2001
0000000466,Delphine,Gallyon,27/3/1954,8XXPYH0iQuytKXX,978-264-4634,29/12/2012
0000000467,Myrilla,Ferrara,17/3/1969,XuGKNB5GS4kumxu,313-786-5594,16/3/1989
0000000468,Raul,Offell,21/3/1970,qTAkEOk0hki1eNK,428-365-0006,5/11/1984
0000000469,Shawnee,Vost,13/9/1985,rblPC8hSeGvkUOk,698-338-4642,24/8/1970
0000000470,Angele,Peasey,24/3/1956,KReLtZDwLob8kda,534-258-3327,5/4/2018
0000000471,Valera,Fetherston,2/2/1993,tupF84D1hNvhd8I,332-613-4442,19/6/1974
0000000472,Dottie,Aspland,30/9/1962,8rwQe6Sf6YfFG3W,707-771-5670,14/4/2008
0000000473,Wilhelmine,Sawdon,7/2/1950,UmE4GQlkzJnUKfp,675-673-9251,11/12/2019
0000000474,Stanislas,Voules,3/4/1990,jDy1FmjSiaCoLri,216-598-3491,18/4/2011
0000000475,Yehudi,Slad,29/6/1953,UKtz0nB3hQbc5pv,835-761-0821,23/12/2009
0000000476,Ignacius,McIlwain,11/9/1954,3Mrw5RBfKpGhQJV,121-547-4528,3/5/2022
0000000477,Walther,Soule,28/5/1961,AnI8izEuEFtxo0e,797-731-2023,2/3/1981
0000000478,Marys,Meddings,19/1/1967,qzgXLUKwDAHaZLf,812-121-0677,21/11/1970
0000000479,Caresa,Soot,30/7/1980,EmJkC1vbUbQr8Hf,107-748-8048,6/11/1981
0000000480,Vivienne,Buten,15/12/1989,6jlIJ4J76cuELuS,195-107-3945,1/1/1996
0000000481,Inga,Bounds,6/3/1978,nSl2pQ9Avg11nVK,241-330-8709,10/7/1994
0000000482,Dionisio,Seleway,23/2/1982,7cxjjeHkSohoX66,610-783-8834,30/10/2011
0000000483,Saunderson,Parell,18/2/1961,Vv2hCgyGc7GZCbA,225-119-3615,9/6/2016
0000000484,Thekla,McCord,30/12/1963,chg5T5ZS5wr0hET,828-865-1737,6/1/2001
0000000485,Malissa,Cars,29/1/1992,aKJkvvC1crx83DO,252-335-6158,28/1/2014
0000000486,Bourke,Pidler,24/7/1960,ILohLcXQ4Uivf1l,974-860-6967,17/5/1987
0000000487,Kelby,Antoszczyk,8/10/1968,ESa1TbPzVcKmkMe,269-630-4633,8/6/2018
0000000488,Thalia,Amesbury,23/3/1952,R3r3jOoXdQ3tMdR,734-978-0492,26/10/1974
0000000489,Viole,Kingaby,1/9/1987,iZZj1EopbEWtiVg,518-854-1612,17/10/2015
0000000490,Brody,Ropp,10/10/1968,gmdz1DAKOaiQJ4f,543-880-5530,5/11/1987
0000000491,Merridie,Ramelet,27/11/1998,OZc7ZJTJsIWpz6M,430-927-1341,15/2/1981
0000000492,Rudd,Sollars,2/12/1974,fGayWf3CGLhhkQo,803-384-0596,11/3/2003
0000000493,Kane,Turvey,13/12/1975,ZOuBZWz0M3c1VOK,672-667-6495,21/11/1984
0000000494,Fallon,Astridge,26/6/1989,8cSouGy0tiYPzl2,989-326-3170,28/1/2007
0000000495,Tresa,Sicha,28/5/1987,v6rkeSiimu2B2No,604-219-8355,30/9/2006
0000000496,Dacy,Bycraft,1/7/1989,ouiy2qtam3alxTA,413-325-2420,17/8/1970
0000000497,Hilda,Baildon,17/5/1988,8TOf91npDkL0vOL,679-389-2489,15/3/1975
0000000498,Marys,Abella,27/6/1978,GuSoDRNRL9W8hjE,173-457-0269,23/10/1979
0000000499,Mattheus,Beauvais,28/7/1983,gaDjSdQtSb7Z0kH,260-418-7978,28/3/1970
0000000500,Regen,Hillen,10/3/1964,e9Gn8wAODbaHgHS,411-381-2227,21/5/2007
0000000501,Viviana,Fullom,27/1/1950,qEtPicAzkWVlKA7,213-970-2970,15/8/1984
0000000502,Maurie,Wellesley,22/6/1997,424XJCz7NyDU0cU,351-727-9433,27/11/1970
0000000503,Myrle,Bruhnsen,10/4/1950,vhUCds37WrpeYGV,909-187-6271,4/5/1994
0000000504,Benji,McKeggie,1/2/1985,1cCCwN6CSejT41s,874-211-9842,7/11/1996
0000000505,Nicoline,Luetchford,18/3/1987,nT8tuLxevX1oY6k,401-314-6078,13/5/1992
0000000506,Isabeau,Rodnight,15/7/1995,izrmYdo8LIOV7gR,824-984-1347,3/12/2006
0000000507,Carmelita,Dunbabin,24/3/1982,iGWDz4OlkfKYCxy,359-910-9847,16/5/1986
0000000508,Marcello,Umbers,12/10/1986,edGv1IEiw9fjwJl,988-356-5799,27/4/1983
0000000509,Nickie,Temblett,2/6/1997,x9seN82fJyfyb0i,887-776-7503,30/10/2000
0000000510,Barris,Loads,13/1/1961,uJ9fo5Q0e3ww8lc,786-950-6082,9/11/2015
0000000511,Dasie,Drejer,12/7/1970,BVXVioO3TaEAdEO,728-778-1376,9/7/2019
0000000512,Basia,Newens,9/8/1971,jkFAxzTyHIfLC0R,772-668-2892,10/10/1982
0000000513,Zebadiah,Binnes,4/2/1956,vvcioeNkP2Kfvwd,215-743-4320,24/8/1978
0000000514,Freddi,Corstan,5/4/1961,1hIhgsR7y6ldV2P,590-461-9491,31/1/1994
0000000515,Lydon,Newport,19/5/1997,nvcsZ20WY30UwKa,516-263-4323,13/8/1985
0000000516,Davy,Smuth,15/6/1960,sAUNbTyHLeMAdiQ,918-906-1037,12/7/2004
0000000517,Amerigo,Rottery,8/8/1971,m5hWlXw08KKAWOv,538-495-2569,5/8/2010
0000000518,April,McFetrich,15/5/1981,oC2GOgTuvuyh4Nr,989-640-9836,19/5/1977
0000000519,Bunny,Jolly,5/2/1959,mC3sYDXCYFLqlmV,253-428-5649,5/8/2010
0000000520,Cord,Ayree,17/5/1969,P5wxkTCFSDQpn80,917-951-5374,7/2/2005
0000000521,Bernarr,Gonzalo,23/10/1992,9kRFRLxmB9oNpNa,571-561-0963,7/6/1978
0000000522,Rozanna,Keepin,21/4/1984,LrBKziy33HqCyGB,697-927-8723,18/7/1991
0000000523,Madeleine,Bushel,13/6/1996,ob8PKNOzAMvk5uH,914-159-3371,7/3/2006
0000000524,Susie,Duerden,11/8/1966,C5bf3EdMeiHpjKs,150-442-0001,25/7/2007
0000000525,Keelby,Laverock,28/9/1953,hyXhkQJYsFDeIYU,465-540-6677,25/4/2019
0000000526,Colet,Blest,5/12/1972,2YgcmFgjlmMhqme,579-858-3325,25/11/2017
0000000527,Estelle,Antoniades,13/5/1954,b27SgJtpoxXPaxk,235-193-6403,26/9/1997
0000000528,Shell,Druce,24/1/1995,KpqX3HdrDvgaVYb,774-258-7654,3/4/1971
0000000529,Byram,Fearney,22/5/1980,GJnAf9QUskQE5Yi,332-400-9270,27/2/2019
0000000530,Rupert,Lowson,17/5/1979,Q02LpWOZ1Lf4aFi,815-271-1825,3/4/1994
0000000531,Abbi,Arnald,25/12/1951,fn5EVrtyxeqH5pB,830-839-3101,24/7/1976
0000000532,Christina,Dublin,30/6/1965,KrCNMqkUsYdVS4m,517-354-2686,20/11/2007
0000000533,Wilone,de Vaen,8/1/1974,YxWvDusfbwQ0q5a,133-305-7728,24/10/1976
0000000534,Connie,Balharrie,15/6/1975,b2XjmJINA2KEsU8,845-609-1546,28/9/2012
0000000535,Claudia,Ensor,10/4/1987,2sQkI2X7p9Ivrf6,323-806-9192,8/7/2017
0000000536,Elton,Wimsett,20/11/1957,O0pzau38JLLayLL,117-779-0379,24/1/2022
0000000537,Benny,Pauwel,19/6/1973,XNn05py6koiz9wl,323-274-4531,7/4/2010
0000000538,Loretta,Whifen,30/1/1972,dYZiG55hnMXHXzG,627-995-0006,7/7/1982
0000000539,Jenni,Balharry,10/8/1965,m33fmO7TnUIsNHC,493-132-5495,7/4/1980
0000000540,Briny,McOrkill,16/12/1988,6rx1jVQ3OSKtKW1,318-615-4435,1/3/2011
0000000541,Estella,Becke,17/4/1962,ArvbizMlLgUVc2z,975-504-3082,15/6/2012
0000000542,Dev,Wyse,8/3/1998,ZaeCmEGNmooP1ac,986-698-8013,30/11/1988
0000000543,Alleyn,Kensett,28/11/1952,l7kVDmaiHbbjtwH,202-432-5155,18/3/1976
0000000544,Vanny,Daniello,4/11/1969,4fyPSbAcDTj9xqp,104-116-5857,10/3/2007
0000000545,Adel,Cregeen,25/2/1978,9bmzF1Y8ffY3000,956-331-2430,24/3/1970
0000000546,Cassandre,Rudland,6/1/1975,wdUMGKpAPmFHyrg,646-237-1441,29/9/2006
0000000547,Roze,Luddy,3/4/1956,PTszOZkAVeU7gwj,486-723-5529,9/1/1994
0000000548,Tiffani,Whorlton,15/7/1984,vx3Dqv1gJqt4CBB,304-413-9499,13/10/1985
0000000549,Wallis,Bearsmore,4/6/1979,yDtKnIy2MfBZO0s,594-443-6916,25/1/1973
0000000550,Herrick,Grimston,15/6/1980,8SRAl04Pb4l9en4,802-710-8073,19/8/2009
0000000551,Caye,Goggins,17/3/1989,N27VvjylMW4Kcxg,199-766-9730,6/2/2004
0000000552,Riane,Genthner,6/11/1981,brcvLdQKPZmKy5G,623-278-7300,7/2/1972
0000000553,Nita,Breens,17/5/1966,EniKrJ9aF6B8Uot,979-520-5618,7/10/2009
0000000554,Monica,Navaro,23/7/1971,rrkkVF0XWP69eAU,462-465-5347,18/2/2003
0000000555,Robinette,Hearnshaw,5/12/1987,LbWUflKZ1PVj14J,125-970-1209,22/1/2004
0000000556,Nanete,Stockings,14/7/1983,Wp1bnl61zGB2Vdz,820-428-2800,18/8/1990
0000000557,Rudiger,Adkin,29/10/1973,4d8XkBJTjxLY1JT,511-370-5817,24/7/1995
0000000558,Guss,McArthur,25/11/1990,KuYiMDXsStOg6jl,835-459-8354,13/11/1979
0000000559,Randolf,Murkus,31/1/1966,7UMlzxWRKOHQgQM,178-863-9809,9/1/2019
0000000560,Heall,Bradwell,12/4/1968,539YCPOUF6xsHiG,718-957-1162,14/6/2001
0000000561,Haslett,Shortan,29/12/1984,lvlZ6Zn9tBZagow,495-127-4775,27/7/2013
0000000562,Murielle,Syde,28/11/1976,xk2dJz1aSp592OC,937-163-5784,6/12/1983
0000000563,Irina,Joly,17/11/1989,1GKBxzcccqBA9RM,428-810-3005,5/1/2005
0000000564,Ina,Bravington,23/5/1993,xebw69ZCO8MZIkr,571-792-1276,31/10/2005
0000000565,Dannie,Doxey,14/5/1994,monyEh12WDjCZo8,291-946-3279,22/10/1999
0000000566,Wells,Orthmann,5/11/1972,HAyQEz1r8qNUvqK,843-716-6200,6/10/1998
0000000567,Luis,Kinkead,19/11/1972,GsGTLyehCvlD48u,643-689-8154,12/6/2017
0000000568,Ronnie,Valett,11/8/1996,l0aBlOBTEChOB8N,636-716-5136,3/1/1987
0000000569,Jobey,Collison,21/7/1960,ZYDUt58cHvmECoY,114-357-9078,20/1/2015
0000000570,Cordie,Brambley,5/12/1952,QGUAQclquCpSiwh,325-811-6796,18/9/1996
0000000571,Aristotle,Roggeman,28/5/1966,skq7RzfAIomqlRY,137-154-7647,29/9/1983
0000000572,Aldwin,Sumption,25/6/1973,FcWotC9oBgXSeDW,590-871-7171,24/10/2002
0000000573,Woodie,Seys,23/3/1962,BGvIJ9Rm0XaaRt2,869-677-3883,9/12/1988
0000000574,Shaylah,Gors,17/10/1956,GhN7SxD0n6cWZ0O,428-248-7242,30/12/2019
0000000575,Sheff,Beldom,15/3/1987,Te462sz8pGRQQtV,131-452-2363,21/1/2018
0000000576,Rosanne,Hounihan,19/12/1970,1Pdlb5phPXbADHN,580-153-2400,15/10/1978
0000000577,Roxanna,Dominguez,14/11/1951,zq1hRf4A8tkiR7M,812-681-6219,21/9/1997
0000000578,Giovanna,Bullant,20/2/1954,KJGepof3Gt0plSe,283-738-6963,11/6/2020
0000000579,Creight,Seymer,19/3/1955,e3HEY5MTNDbOvaM,973-994-9904,11/8/2002
0000000580,Isador,de Juares,3/3/1957,GnzDdzaFXLhXbR9,544-574-5611,18/1/1987
0000000581,Pietra,Dunrige,1/8/1955,TxxQuvG2i1hZyRH,902-591-6654,9/11/1982
0000000582,Arlee,Scawen,1/5/1984,DwXOI9L4GrIkidY,442-349-1741,22/9/1979
0000000583,Cullan,Fergusson,25/10/1974,3hX6BSyipTsjpek,877-960-4204,30/6/1980
0000000584,Albie,Wibrew,24/11/1999,fBsKbcTUjFbrAda,628-256-5649,13/12/2021
0000000585,Rosabel,Ofield,19/5/1970,XZ4VVY1ybwcN6v6,914-471-1112,15/11/2021
0000000586,Birgitta,Poupard,25/8/1995,dQLUK4NwhGCB7a7,489-895-6582,30/4/1980
0000000587,Montgomery,Magovern,16/6/1989,eUzfZWNrta9Bddv,786-990-8798,15/4/2017
0000000588,Moise,Carreyette,30/5/1954,5rQrJNOOIQuPVx6,389-622-9593,12/10/1993
0000000589,Demeter,Henighan,22/8/1974,PbtPuaMW5RXlry4,453-599-3621,4/1/1997
0000000590,Giusto,Brazier,12/12/1992,iVJN6YRIf3NUklP,285-572-8089,2/7/1974
0000000591,Delcine,Antic,27/2/1980,ckIiBvaKFIkcx3M,614-877-1726,4/4/1985
0000000592,Demetrius,Griston,4/4/1965,9NgHUpObRzJaE5r,303-632-1411,24/4/1988
0000000593,Sorcha,Vallender,30/4/1975,3QoA5q6uYO3IWHg,343-659-3077,23/1/2018
0000000594,Saxon,Gristock,21/11/1950,ep3nTX9gsapVV6B,601-873-1966,28/9/1972
0000000595,Hugh,Renihan,24/8/1983,DzdlFosRdUScxQD,719-890-7333,27/7/1972
0000000596,Jay,Legh,29/9/1952,glpWaorMp4e85SY,562-789-6553,25/5/2001
0000000597,Kym,Glowacz,31/7/1972,qlPOAGTC0Tvyiw6,714-823-8452,15/7/2016
0000000598,Clareta,Stopper,28/1/1961,lECdiO3AwYb0IKq,486-268-5836,11/4/1991
0000000599,Joell,Duffield,11/7/1978,MX32XNznWdpqpRo,616-999-3579,2/3/1976
0000000600,Manya,Northing,29/8/1987,tr9NaOj4Buo7U3y,812-852-0759,11/11/1994
0000000601,Gustaf,Divisek,18/2/1960,AXYfdzvHPVtvwac,287-412-7231,11/2/1987
0000000602,Benson,Bonnar,26/9/1979,tyM6K99gPJw65Mg,981-956-2730,15/2/1980
0000000603,Massimiliano,Laxston,1/1/1989,JfYFV06Tw4oMJpl,656-949-4475,18/6/1997
0000000604,Nil,Shatliffe,1/5/1983,G18EmOnfxtUdgmu,532-892-6977,6/12/2004
0000000605,Joelynn,Damrel,3/3/1992,iZmp795QKPmWTIe,580-125-1721,12/9/1988
0000000606,Mela,Shaw,17/11/1985,Ta7iC1P7Ra9vKsC,937-948-1150,7/9/1985
0000000607,Bruis,Chadwen,18/7/1957,K2ZxuGlsnZRIN7p,627-574-1531,27/5/1979
0000000608,Eada,Orneles,5/8/1955,4LIOhO3DH6D16Xm,126-659-4261,19/5/1973
0000000609,Melamie,Clayden,24/1/1988,hijkyz37xK6jeZI,767-919-2808,18/1/2006
0000000610,Cherri,Danes,20/8/1950,O26fycswHeZJBho,860-551-7933,22/3/1996
0000000611,Ermanno,Pregel,25/9/1996,IAim6EsTkcbJCiE,356-288-8605,13/3/1972
0000000612,Minnnie,Jurewicz,4/3/1964,IAIDAwgdqJVTK77,236-794-0350,10/2/1976
0000000613,Dunn,Dunniom,2/1/1990,WsOquvIEzoSjGP7,620-507-9956,25/10/2012
0000000614,Jacquenetta,Milborn,5/2/1950,wU7V7cL2tBgs5uK,258-104-6473,3/8/2006
0000000615,Betty,Eads,1/5/1970,rgV669kDSiG1DiC,808-708-3074,25/5/1992
0000000616,Fransisco,Pfeuffer,14/10/1981,wGaYltLuoBl2GN7,825-958-7689,7/1/1984
0000000617,Orion,Drinan,27/8/1996,LsF7oFQlhrMmqHB,452-578-6786,17/10/2001
0000000618,Caesar,Skym,13/7/1968,XPWJkv8qJywuBWU,592-368-4991,2/5/1979
0000000619,Alta,Turone,3/5/1958,sJLVfEw5gseyzCm,771-813-3944,27/10/1986
0000000620,Teodorico,O'Doogan,24/3/1988,oTpFBl4XOwdXfiN,830-864-2655,2/8/1987
0000000621,Fayre,Berge,4/7/1993,Ro09Qs0QG6jOlow,808-986-3150,4/9/1973
0000000622,Terri,Hardwin,12/2/1985,Ark8kZ8AXvbb2xT,941-567-4239,1/6/1996
0000000623,Eden,Ericssen,25/6/1951,ASCqtDuKrZHDTm6,841-994-4131,10/5/2018
0000000624,Saidee,Cubbinelli,31/1/1996,UE8XQ8dbpI1zK0o,314-504-6792,16/1/1970
0000000625,Jerrilee,Wadman,7/9/1992,bqEsiT5NLQieOW3,186-517-0012,20/4/2008
0000000626,Delaney,Duiguid,14/12/1981,itakL5ZTVpnClQ1,338-681-7990,2/1/1994
0000000627,Raimondo,Habbijam,22/12/1967,zvbp5lvefQw3r48,545-255-4368,16/5/1987
0000000628,Haroun,Roseblade,1/8/1970,12tIbu86hyqnXfc,661-624-9567,16/3/1987
0000000629,Rheba,Downing,10/9/1987,CIlsoRKJQP6uPyk,566-640-1247,27/4/1976
0000000630,Chaim,Agates,7/12/1954,nJeeq3QjkoDrDPL,904-328-1777,27/11/2002
0000000631,Corty,Nordass,22/10/1958,cHNiZ7TZfjAfEg1,606-844-6770,2/8/2005
0000000632,Celia,Dike,9/7/1968,c1s03kvIequj7Nv,254-746-8267,31/7/2016
0000000633,Flora,Keith,28/8/2000,5RVwPh6So3g8p8A,746-213-1326,19/3/2018
0000000634,Bertie,Rapinett,12/4/1999,H8ppjcb7zJOD3nO,288-570-3984,23/9/2005
0000000635,Nanci,Manwell,29/10/1997,Alslbi0PolyvQIW,771-354-7573,18/11/2019
0000000636,Nate,Tanguy,20/7/1980,QxUFI9QiYtTggVg,486-196-0602,11/6/1975
0000000637,Pansie,Lyddy,4/3/1975,NRLQ2yvOWNJPaHE,533-483-8476,10/12/2016
0000000638,Eduino,Neeves,16/1/1996,GS2ag9zVRXkud1e,983-377-2085,18/3/1992
0000000639,Quintus,Rein,3/1/1987,KBOT7cTX92pSTvl,778-428-6032,22/5/2008
0000000640,Crystal,Renner,15/8/1961,JuMY7pwQOgmKXTY,301-530-8940,14/12/1978
0000000641,Wesley,Dawdry,23/4/1962,gC8JC0uALN2JFQR,742-293-5851,26/11/1987
0000000642,Letti,Rawdall,9/12/1998,DjyNr4pzMtom0dl,538-673-4867,14/1/1972
0000000643,Darin,Cussins,27/9/1968,0usEzpUu7HlxefU,346-824-8096,8/3/2012
0000000644,Olva,Rodolico,13/1/1964,tTMrW4vXYSzsV9o,658-533-6452,8/7/1993
0000000645,Man,Casaro,29/8/1984,Xng7Atla3G1wHM3,930-245-8363,29/8/2015
0000000646,Sully,Giacoppoli,18/3/1955,9WqdNYMwZFjT4ax,801-138-3661,30/7/2021
0000000647,Arlyn,Goodger,3/12/1970,TSNpcTTs341yIvZ,472-296-1898,13/9/2019
0000000648,Vivianne,Grenfell,17/12/1980,utpj6DozQBBJO14,704-590-9730,16/5/1986
0000000649,Enrika,Skingle,26/2/1951,gxYJTnKR5iLgLwv,961-399-8992,22/8/1993
0000000650,Denni,Shuttlewood,11/10/1994,xgUQf4LuqL27cOd,434-996-0195,7/2/1998
0000000651,Kattie,Belliveau,21/5/1963,IeOQOS2N7NDyC4p,159-140-7896,31/12/1995
0000000652,Ginny,Houlaghan,25/8/1961,TJEFXbEZD4oRKL3,914-652-0614,23/1/2003
0000000653,Peg,Stych,11/12/1991,xe0qLPk0NPTOEfQ,382-433-4662,12/8/1984
0000000654,Amerigo,Yven,30/11/2000,XuavZ7nl74xmPxo,965-814-2625,29/5/1971
0000000655,Lon,Buggs,1/7/1950,Ikku9QulVMgJFp4,878-863-8037,23/4/1979
0000000656,Jane,Buard,21/4/1991,67sceyjwVhzmo3A,604-416-6887,1/11/1992
0000000657,Lorne,Chinge,14/5/1984,T15A7UGy0ZAXcB2,453-917-9451,31/5/2003
0000000658,Diana,Bollum,19/12/1966,43kM7WRUlfZiuI4,443-920-4712,23/12/1977
0000000659,Vinnie,Weeks,9/7/1992,BFjvi8Mz1T2VhI6,807-888-2952,7/7/1991
0000000660,Emery,Dumingo,26/2/1982,cgwlFDcreMdq41P,416-769-3819,24/6/2019
0000000661,Charlton,Hiseman,11/12/1983,eQcbb4dGKqh2XI7,306-714-0897,26/8/2005
0000000662,Ki,D'eath,2/11/1995,oRNki97Rkq9GPdX,100-728-6382,13/7/1983
0000000663,Doris,MacNeill,12/2/1994,9FVC0U3IAufgoci,766-847-2274,25/5/1995
0000000664,Berget,Parcells,15/3/1964,BKSS6vqStedRGP7,551-781-4266,26/2/1989
0000000665,Georgena,Gowthrop,26/3/1954,D4tLIjIbh70PUgy,862-772-6763,2/11/1999
0000000666,Arel,Farbrother,8/9/1990,N7rG3MEXMk0mnk6,166-573-0940,28/12/1999
0000000667,Kellina,Mintrim,17/1/1957,og6BXG4vqGYdQbd,511-681-9941,16/2/1970
0000000668,Persis,Yepiskopov,16/7/1972,iT0xO49ORJ0XfVz,472-447-0712,16/6/1988
0000000669,Nickie,Sinclar,26/5/1967,55u2l1D0BOgMUW8,543-141-8678,9/3/1986
0000000670,Callida,Kemmons,2/4/1969,swI0YqoBgryENPT,424-437-1690,31/1/1974
0000000671,Roland,Leeburn,10/10/1978,d9UGM4QEoiu9iER,384-422-0135,30/11/1984
0000000672,Goddart,Matthews,5/10/1989,O2buV7mxOdVsDio,532-684-0383,30/7/2010
0000000673,Chrissie,Sibborn,18/8/1997,J370VIMOD7Jqg9q,299-196-5375,8/10/1970
0000000674,Jarret,Janusik,22/8/1995,31WCXqqnmPCv7Ar,979-596-3485,15/2/2001
0000000675,Thane,Cosans,21/6/1967,PetocCcNPvCUspB,316-647-9872,29/7/1989
0000000676,Lauri,Joss,19/2/1954,g4cKj4CWFQoYad2,521-152-1827,23/6/1996
0000000677,Tyler,Marlen,27/1/1994,kJbY1fwbl2GXY90,370-185-8814,22/11/1987
0000000678,Lyndel,Paynes,11/9/1990,PnDEvizernlpJHZ,200-302-9634,13/12/1979
0000000679,Trescha,Smallcomb,11/8/1978,2cJnZE7gj4dkEUd,723-863-6661,23/7/2014
0000000680,Giavani,Gert,23/6/1979,CllXQ139A4NiAsS,836-591-8903,17/4/1971
0000000681,Kip,Maling,29/12/1971,9crbznKz1s09pNZ,232-210-3345,5/10/1993
0000000682,Cleve,Gresswell,30/3/1982,XUEwQZcNAh194VX,175-955-7576,8/1/1994
0000000683,Violette,Olivella,5/9/1995,gV1yoxI1hJK5gHB,353-584-5340,23/11/1980
0000000684,Kane,Cranstone,5/6/1971,oXzgqPwR9XgcGOC,201-127-9182,21/8/2018
0000000685,Ken,Jenoure,16/3/1972,bDhSPJIj557Az9z,642-835-5986,27/12/1982
0000000686,Richmond,Bonome,13/6/1979,fzfGfLk4G85kkXT,205-568-8889,14/11/1992
0000000687,Massimiliano,Kippen,26/12/1960,mOjOf1yUin1ngB4,315-928-7281,31/5/2016
0000000688,Ajay,Skewes,5/9/1995,rbRl7F6WHIxXSRO,485-761-3383,27/8/2015
0000000689,Kristyn,MacWhirter,8/4/1999,qbWqZY8ofF47A7m,576-970-0322,16/7/2020
0000000690,Sunny,Beaby,11/8/1980,gB9rwzLRf1tk7yE,451-171-6851,19/6/1984
0000000691,Winnah,Askey,24/7/1962,ZR32bkrAFa72LDz,545-921-9894,27/5/2014
0000000692,Belicia,Sommerling,8/7/1973,Og3g5JvhOLdBH2S,722-327-4724,16/8/1970
0000000693,Kylie,D'eath,10/10/1960,JSKri0CGFL5N2vj,809-957-0731,14/4/2022
0000000694,Caleb,Rain,19/6/1992,X88dxGgzKwjPFQy,137-525-4850,28/8/1986
0000000695,Rayner,Grinnov,27/12/1997,tgpautG4jkTAv4q,899-843-6471,25/3/1977
0000000696,Eli,Cosbey,25/4/1983,VPyXGB15lYUh5HC,679-962-1127,6/7/1973
0000000697,Reynold,Georgot,14/7/1977,lTbl1kY6LSMbawE,850-109-2135,19/9/1986
0000000698,Judye,Mossman,19/2/1964,qRs2oIjYOUK7oaQ,372-630-3854,1/1/1972
0000000699,Alana,McDavitt,24/6/1993,SiRJKcRIHzAY5cO,223-411-8442,11/12/2000
0000000700,Dallas,Ironmonger,11/10/1998,QO0KnpolVDDtcse,109-849-5900,17/12/1986
0000000701,Salli,Norquay,20/12/1975,9VHehSciFUnjGew,567-826-4215,6/11/1975
0000000702,Merle,Bradnock,24/8/1954,KFMptJKUqxKsyIc,783-669-2770,5/4/1998
0000000703,Charmain,Parratt,28/5/1952,5S6YRlfTRJDWRoQ,583-553-0589,2/6/1979
0000000704,Ellissa,Lezemere,12/10/1970,nPyLlXxrcOEzstS,669-538-5164,1/7/2005
0000000705,Corrine,McGairl,28/8/1960,LqqTe9CjyPHi3qe,852-930-7308,11/11/1998
0000000706,Darleen,Stead,27/12/1957,gOKKBMEBUg8kvnT,742-171-0066,8/11/2003
0000000707,Krissy,Forten,8/9/1986,x3BZLOO8p0RGhAq,132-664-3420,1/7/2011
0000000708,Gerhardine,Wong,19/9/1954,VpjbH8BwKxlY9Ex,600-170-3776,13/5/2000
0000000709,Penelopa,Kilmaster,31/1/1977,bKwlzARiTaUl2zS,230-590-7394,8/11/2019
0000000710,Kally,Erik,20/2/1958,tzI9fyBhbPomkVA,777-211-8567,16/5/2013
0000000711,Arlyn,Wollrauch,15/2/1953,LelrcAaFr6VVDJ5,667-825-9784,31/12/1992
0000000712,Lanny,Wollen,23/10/1976,o2XvzCYMAszenRn,221-652-8882,27/1/1976
0000000713,Calypso,Tschierasche,8/1/2000,UX6A9nydZ3TJFG8,941-355-6648,13/3/1985
0000000714,Anne,Allsebrook,24/4/1956,OMbQ1uMkLnvueQq,600-263-6197,15/1/1974
0000000715,Ilysa,Outlaw,31/3/1976,U1JHmibZhITyopx,569-795-2912,14/2/2017
0000000716,Zahara,Bradtke,13/6/1967,ZWOaN1CxNXJmqKz,347-180-3123,13/9/2015
0000000717,Isadora,Priddy,29/8/1968,aecEebbPK64pQkq,735-466-8904,9/3/2003
0000000718,Tedda,Gever,31/7/1986,b4GYnVnpkuuGk0a,361-284-2269,10/5/2015
0000000719,Agna,Speeding,4/11/1999,jgXM20Urge4ckwy,595-219-6404,15/9/1985
0000000720,Gordon,Peel,19/3/1967,Xa9VL9t3NAkNndy,672-367-6342,17/11/1993
0000000721,Edeline,McDougall,26/8/1950,TjJ5Pq8V9i3ZTeq,666-869-2325,18/10/2001
0000000722,Lebbie,Quiney,5/8/1999,rlm7iLc6mUClfMU,647-323-0153,16/9/2020
0000000723,Kingsly,Howe,27/5/1965,4OXkwwjblElHy3n,277-709-9323,27/9/2009
0000000724,Janel,Fillary,7/6/1958,Fo6EsUELyyVpOOX,333-836-9619,20/9/1994
0000000725,Luca,Dawks,29/12/1979,s6l2BJC9aocx4ks,350-187-0262,22/12/1996
0000000726,Cris,Eisikowitch,8/9/1977,CzQEscKlXoKlb7k,198-564-4269,14/6/1977
0000000727,April,Lehrmann,15/10/1989,g5bUXJdqnBqWAfq,995-722-1219,16/4/1972
0000000728,Deva,Francke,5/12/1999,7uHnaRxuKfKTwBS,304-618-1399,3/9/1995
0000000729,Brew,Chestle,26/6/1950,g4JJHUQY2dG3ujd,406-277-0548,4/2/2004
0000000730,Roobbie,Gratten,2/5/1987,GhUC4IdQKDPWXKm,256-502-6878,28/6/1973
0000000731,Goldie,Caffery,11/3/1991,uvF8xP1vmn5wXoT,893-172-0577,30/4/2021
0000000732,Zuzana,Leopold,4/7/1973,5XEXs1T3Gp94YJJ,234-259-3015,17/8/1980
0000000733,Minny,Seegar,22/2/1963,n6z3ypkLeqUvzaZ,983-284-0684,16/4/1978
0000000734,Renae,O' Finan,30/1/1963,D4rGIKorZO3PvBx,726-289-3490,28/7/2017
0000000735,Emmit,Barthorpe,9/3/1995,ieuVav62ToB2cjd,100-207-9005,7/7/2006
0000000736,Ange,Koche,26/2/1973,GwwUDCfHOvVWznd,164-801-4338,24/6/1975
0000000737,Ashlee,Pitt,18/7/1963,XCXjMZTbVUQvjP7,822-718-1161,24/3/1994
0000000738,Lib,Nappin,19/2/1990,09kHbf6Ta9n6dBU,719-927-2625,31/8/2011
0000000739,Ewan,Senescall,31/12/1991,lc3iET9IXNWOJfJ,643-754-6225,29/3/2012
0000000740,Erik,Margrem,3/5/1958,iNBrnYmTksTUEQJ,796-501-5001,26/1/1990
0000000741,Illa,Ledford,3/5/1976,Ydc1jKOWsFgbv9e,428-278-6750,8/3/2007
0000000742,Harmon,Fenna,19/3/1998,541ywtwPvFdwHyp,441-611-3287,21/3/2021
0000000743,Phillie,Crocken,20/7/1959,GK9ucwpmz9nR2L1,243-509-1607,5/12/2010
0000000744,Jolie,Farrans,19/2/1958,Ao0t7klFozqgPsG,213-513-4737,23/6/1974
0000000745,Kimble,Coskerry,7/5/1965,sbJE8oy09HpbKwh,450-608-1505,11/2/1982
0000000746,Danice,Pexton,16/3/1987,byADNylcNusdekq,412-373-7074,27/12/2013
0000000747,Ermengarde,Woodwing,4/1/1993,oVDyCSXZELjxbLp,559-398-5726,11/4/1990
0000000748,Bruno,Varlow,7/4/1963,ZyZBABXp1oSCWqc,289-509-7838,15/10/2011
0000000749,Phillipe,Witherdon,27/2/1971,wbV0lFFDmTmX2uj,888-961-9364,29/2/1992
0000000750,Vannie,Eiler,2/12/1992,8JVur7wgpRO7ubg,732-748-5762,9/9/1970
0000000751,Giana,Mabey,14/12/1956,C47dcQ1OAChOHsH,747-921-3980,20/2/1994
0000000752,Nikolos,Gouch,14/2/1954,gLhXmzIO0RLCI9k,401-731-8361,6/5/2013
0000000753,Fritz,Prickett,8/3/1994,MWaEGCx31okK5ge,967-996-8353,21/2/2010
0000000754,Melvin,Fredy,25/5/1986,p5AtXw0SjHtOdFD,596-947-2463,20/12/2007
0000000755,Ginny,Le Brun,31/8/1987,SiTlyHDi7qn95GP,449-132-2723,22/10/1995
0000000756,Tammara,Howse,24/7/1972,hIkp6nxilGePoea,291-746-3760,8/12/1992
0000000757,Renado,Muckley,27/1/1989,GOMAG09nb0iFByo,818-515-4928,12/12/1996
0000000758,Marilyn,Haskur,30/7/1963,LEdn0BlYUq6ztVA,453-200-7867,25/3/2020
0000000759,Tressa,Draxford,14/10/1974,VgHX3YKdh69sOXL,492-258-9513,15/9/1994
0000000760,Odessa,Longmore,11/3/1992,8XCK6w3x7rvCzhp,336-485-5252,4/9/1974
0000000761,Verena,Kinastan,11/11/1987,6iatVEyl2T3N8pQ,623-224-2689,1/5/1973
0000000762,Otes,Colmore,26/10/1957,5xHHpTGJqq1wQkR,809-870-0959,14/2/2000
0000000763,Lilith,Standidge,20/2/1967,XF0WnD6Uxm0x4nX,630-190-3012,15/4/2018
0000000764,Mureil,Milkin,1/1/1970,K5Sg3qk0ewFqrRY,115-243-2122,1/8/1990
0000000765,Euell,Gossling,29/12/1965,TQo27G9cL1ubJKC,617-241-0311,10/10/2012
0000000766,Bidget,Stowte,15/4/1968,l4SBXsXYqXBa8c7,843-276-7069,4/2/1978
0000000767,Abe,Silkston,6/10/1995,iZL1ccQMYCuGBph,188-630-0230,5/8/1973
0000000768,Jody,Reckless,18/10/1977,BEixQtTosJ8lyU7,173-601-3589,26/3/1981
0000000769,Cyndia,Sutherel,15/6/1987,6JQlleO5DUoOQEz,373-283-5176,14/5/2021
0000000770,Clari,Cottu,18/6/1962,bx1efazRJPIQ2sL,577-388-3230,24/3/2009
0000000771,Shoshanna,Strongman,6/6/1967,Yem52D7DiklPoxi,744-357-0553,20/12/1976
0000000772,Dennie,Bruffell,12/7/1998,LUoNGNJGZrUitsd,995-363-4574,3/3/1985
0000000773,Joye,Flute,31/3/1979,Fae5AsVbSLAGkhv,111-466-2762,3/7/2004
0000000774,Thurston,Hammett,19/3/1956,S4V3oJRyh8tUilZ,595-286-9825,19/12/1989
0000000775,Dana,Coslitt,5/4/2000,qFv5szmYyU19W8V,896-239-5146,17/9/1978
0000000776,Gabbi,Ruoff,14/5/1953,1V8hFuholAsfQHR,714-708-9589,1/12/2005
0000000777,Maison,Fundell,6/11/1956,DZUhhSGUnz5NMuo,388-381-0575,30/10/1978
0000000778,Lannie,Cuttell,15/4/1967,XHhg9zpnWEkwxRE,363-811-6741,6/4/1985
0000000779,Gustie,Dominelli,30/1/1957,mR9dQ4sIqihCp9h,875-749-8293,3/2/1994
0000000780,Kevina,Ogden,25/11/1987,Ig4uTSbj8m2PWXT,708-292-3810,26/1/1988
0000000781,Nap,Minchella,15/10/1991,UzE7fIclNhs9d5V,920-503-6518,19/9/2013
0000000782,Ruddie,Pawfoot,4/3/1981,vlwkolrKjTA3ewI,931-321-2766,1/7/2007
0000000783,Mac,Bywater,29/6/1969,CrtI5JJEcYCbAu6,811-797-0858,25/10/2004
0000000784,Alta,Crosen,9/8/1967,1TDitNgaypPqo52,690-958-3984,26/9/1989
0000000785,Rourke,Krause,23/2/1959,PHyxp08hNd9hkDe,179-664-7762,16/3/2005
0000000786,Fernande,Goney,26/1/1970,lL9Iswjongil4Yl,198-542-0320,20/3/1990
0000000787,Fergus,Askem,30/4/1964,HTVZLGaKdahfrm5,324-831-6702,1/3/1991
0000000788,Saleem,Dumsday,6/9/1996,H71QE2DuTdjIaMi,408-855-0486,18/6/1977
0000000789,Rickert,Ciementini,3/1/1991,f08App7VePgsyVa,815-890-9563,3/2/1978
0000000790,Rivalee,Crayden,10/3/1969,qjPWGVQyfqEeEyY,761-744-8071,30/10/2006
0000000791,Cassondra,Winckworth,2/9/1966,fGh80BinbCfAh6S,273-745-1887,21/11/1983
0000000792,Dena,Hauxby,29/12/1971,YAY6qw6AeZiO7Nn,673-718-1937,9/6/1982
0000000793,Brinna,Echelle,16/12/1986,tkjbymmWEaShFNm,598-752-7158,15/12/2008
0000000794,Susie,Barraclough,6/11/1951,arCV4cf9MJEyPEb,611-923-3735,29/6/1993
0000000795,Rosaleen,Ratazzi,27/7/1974,C98nUw4vdkLwYpd,797-551-1360,22/1/2016
0000000796,Penny,Gaither,5/11/1962,e8sUkmJ0DNSV4LZ,915-647-5780,19/7/1977
0000000797,Karie,Broggio,21/9/1981,VCIb6oy9hNC4p6I,466-279-2921,7/2/2001
0000000798,Marianne,Grunnill,8/8/1971,DmSCRK2PNIAiFQl,275-908-3635,13/11/2000
0000000799,Carmine,Bein,24/12/1985,tQ8ayGGfltTGsCE,759-331-7497,3/9/2017
0000000800,Paul,Mainston,22/9/1983,QpVEjfoU6fpv13N,912-787-3515,14/1/2021
0000000801,Quill,Haestier,4/10/2000,ckZj7Hgs1kRnc7g,854-312-1614,26/9/2010
0000000802,Ralph,Butteris,7/3/1956,iHppmrN5uCxaPx2,449-705-7227,24/10/1994
0000000803,Vickie,Chimenti,29/10/1994,QkK8bdXjZ7llFTN,951-736-6414,28/11/2009
0000000804,Vivienne,Bunning,17/4/1993,FAfAqWUkyjhor3C,298-869-1276,1/11/1989
0000000805,Brent,Blinder,19/12/1953,5pC4lCFqTGb9UW7,499-822-7791,31/1/1980
0000000806,Lorine,Yitzhakov,31/5/1966,HVnPDOC5LvPcWB7,521-345-3561,7/1/2019
0000000807,Merissa,Bottjer,10/9/1975,2T2sql1qEvusa0o,722-443-4361,1/12/2022
0000000808,Turner,Gimeno,25/10/1965,wImM7JKQ7jKqaTy,183-530-3100,3/11/2017
0000000809,Eustacia,Boyes,6/2/1970,dXSQtV7Zi5X7u8z,152-392-2285,28/11/1998
0000000810,Christabella,Ambage,12/9/1959,onEjQJ4rR08W6tz,948-831-9262,27/6/1971
0000000811,Jessica,Capstaff,11/2/1970,7rOmceMQ52C8AF0,104-160-2973,27/6/2000
0000000812,Lock,Szymon,25/7/1977,1qk40FvhUjLXdUs,748-964-4182,30/5/2016
0000000813,Brittney,Weeds,8/1/1960,bTbsiqyFo1nG7Ml,392-835-5645,12/11/2007
0000000814,Gasparo,Bernardeau,23/7/1975,ai8MhXsepJOeSpM,618-968-6305,23/4/2010
0000000815,Crichton,Croisdall,9/6/1969,dAqyJY6NTeqdAgT,797-300-9744,13/5/2021
0000000816,Sisely,Cassar,2/7/1988,0gbgIBF8Oa6BfU7,329-639-3589,15/1/1995
0000000817,Margit,Hargreaves,24/8/1990,YORGQsukbNkI8z6,632-780-9233,7/8/1994
0000000818,Lilyan,Harewood,20/11/1952,58fTSp5PiF6WPmX,594-609-0537,10/1/2017
0000000819,Shantee,Ayres,9/8/1976,VOvyzcgM8XJLwjm,880-754-8210,23/7/1986
0000000820,Christiane,Mytton,23/10/1964,HUZu2s5xBLzVfWv,705-318-5322,22/7/2019
0000000821,Bastian,Deschelle,19/4/1981,iapuL80fyiO9yBY,432-218-8009,14/10/1984
0000000822,Florette,Tebbutt,12/4/1978,XsG9T9LTZgQzzEO,916-815-9489,9/9/2005
0000000823,Tony,Leyman,13/10/1985,4qH4oTz8hwG3dJZ,200-764-6808,25/2/2020
0000000824,Anthia,Cousens,27/1/1974,Vg9qGZmLj623G46,751-740-0831,13/12/1991
0000000825,Ogdan,Sydry,22/6/1998,EquAur5DstqmjbJ,760-826-4745,21/8/1977
0000000826,Kermie,Crauford,7/9/1951,rsfykW58vsiz8sl,815-654-0086,6/1/2003
0000000827,Ashely,Flowers,4/6/1971,qMaobLADVqJvkfT,338-746-2234,9/2/2000
0000000828,Joachim,Cauldwell,22/1/1979,d2nwixzz6XXzhog,889-888-9508,4/12/1979
0000000829,Royce,Chichgar,14/1/1981,ztZqazWz7Nn2MdK,162-940-3034,21/5/2004
0000000830,Elka,Glyne,23/12/1956,EjEm5L6wFHvc156,201-137-4118,16/9/1991
0000000831,Gretna,Besnardeau,26/5/1983,W6gZU2exXUuzTVj,348-664-7586,5/3/2017
0000000832,Samaria,Gilligan,2/1/1952,ZrXO7hkfsnuK8gA,521-409-5773,7/6/1999
0000000833,Rudolph,Marty,27/7/1993,jvTRD1byLZoHrB0,115-720-5380,13/5/1999
0000000834,Lars,Milmoe,21/2/1994,I66SCz8lvdMvjq1,678-598-3172,14/8/1995
0000000835,Yorgos,Loreit,17/6/1951,SYKQemOs907qZrQ,442-276-0528,16/11/2004
0000000836,Clare,Lett,14/8/1965,QGkbECqzmeemQdJ,924-989-1586,5/9/2002
0000000837,Cass,Swyndley,5/1/1994,sDmdQWCha0JokUl,714-346-0290,17/3/1979
0000000838,Crystal,Petow,29/4/1998,9wMZxK6H3firHg2,932-147-9289,14/7/2010
0000000839,Alyss,Mullinder,24/9/1993,H3a59LEyHdXFFZR,108-429-8867,9/7/1985
0000000840,Harlie,Ranfield,14/10/1950,6Y8gSJrka1dENQN,388-397-4147,6/7/1973
0000000841,Lela,Kalb,30/3/1984,qR6S9O62TOiCeqN,494-197-2094,1/8/1996
0000000842,Rasla,Amori,23/6/1995,cjgOIRmIzqAN6ai,761-442-4439,19/10/2007
0000000843,Nelly,Cranney,16/11/1979,tnqxpjQngKjCQrX,432-191-7678,16/5/1995
0000000844,Suki,Darcey,20/4/1964,SB4paghW9pqpiaO,908-874-0523,21/5/1972
0000000845,Basia,Sproat,4/7/1992,2Gy4PNkZ33dBASQ,583-861-6849,8/8/1990
0000000846,Reynold,Smales,20/6/1952,nLz1EcLnwvcOfbX,405-817-7015,9/1/2014
0000000847,Erny,Ketteridge,5/11/1996,IwD5WlrUNMcEyTD,448-970-2055,10/10/1988
0000000848,Belle,Prise,18/4/1989,t5369XaOGROkZW5,753-176-4432,4/9/1999
0000000849,Vidovic,Innerstone,28/5/1997,y8lGzCmbZh36Y3m,897-935-4521,27/7/1993
0000000850,Gerrilee,Endrighi,27/7/1981,uIdGMNRkwhnEEhT,832-782-7588,9/7/1998
0000000851,Elston,Meekin,17/11/1961,s3AEUI8E34KhtIJ,226-921-1092,3/5/1981
0000000852,Ursa,Sheeres,25/9/1957,7fh0t2cvDhQA0vO,894-625-0403,30/3/1970
0000000853,Marty,Carrigan,23/8/1964,im5kmBa5cCaauFT,270-369-4849,3/4/1999
0000000854,Bord,Rubke,31/7/1984,vX4OPZDPTiXcd2X,726-363-3250,3/10/1977
0000000855,Cleveland,Danher,22/1/2000,hWdBRs6tRfrcdx1,163-847-0490,27/7/2019
0000000856,Candace,Ogilby,22/6/1997,9CDja41vtr3zv2w,147-702-6646,22/3/1992
0000000857,Benoite,Gerckens,14/8/1978,azKJs3gcP9KhYDs,422-342-8866,23/8/2000
0000000858,Gennifer,Grossman,8/11/1997,ehN152FnK6RsGPT,953-587-2241,3/7/1999
0000000859,Gibby,Nicholas,14/11/1993,kF9CaAPnMJBcaeI,363-809-3236,3/1/2009
0000000860,Annadiane,Oertzen,24/10/1999,JnAJ9vRbaueVPMr,950-503-2996,30/3/2011
0000000861,Emyle,De la Eglise,31/12/1988,fowKbE5yMSXMbit,674-504-5414,31/5/1988
0000000862,Lana,Heinish,6/6/1986,2uQSaO9p7Fjz6ef,369-124-6787,6/3/1981
0000000863,Diannne,Camellini,29/10/1989,hhWXgqwO7r3Q4HI,477-193-0441,18/1/1996
0000000864,Julieta,Whitwell,1/9/1995,WQAlTAF54zBvztz,750-808-9434,9/1/1999
0000000865,Wylie,Moodie,8/11/1998,q3JnWjxXAnBX9Wc,760-322-1048,15/11/1984
0000000866,Gerek,Stegel,27/2/1960,HW4r0zcKus787iZ,809-250-8988,23/4/1977
0000000867,Bendick,Cordero,29/5/1972,eBwwmlMzuZNS65f,689-966-6289,18/6/2019
0000000868,Link,Pigford,3/4/1956,S1qxSZkIIPOq2H8,293-284-1675,25/10/1975
0000000869,Tully,Badman,8/3/1962,c9AdA6lIhceu7Ko,723-409-4871,13/10/2014
0000000870,Kim,Sarjeant,16/3/1989,gBGF8CjdmKyr0UC,885-219-6901,10/1/2008
0000000871,Petrina,Brumpton,12/11/1974,Yg9ujS7YeziWsJX,227-321-2383,29/10/2019
0000000872,Maritsa,Camelin,6/7/1959,sND7J2BR8O2UfGa,441-524-9058,10/2/1975
0000000873,Aubine,Penkman,1/5/1980,5y1LSB2gFb0NG7B,775-191-8978,20/8/2016
0000000874,Shena,Baudesson,4/8/1960,1f3LrtlgNEJ7dJh,212-498-8960,9/12/1994
0000000875,Sydney,Hedworth,24/6/1986,AwyKjaA3sfdpyEd,506-787-9518,1/6/1975
0000000876,Giralda,Downer,15/9/1957,OTSeNLONxhPqmqU,321-191-2760,23/7/2004
0000000877,Cloe,Bibey,1/12/1971,cmx5L2U3WESap6v,145-791-3230,8/4/2012
0000000878,Syman,Headley,19/9/1977,vHNTq9xO33fgwcZ,974-467-9889,20/7/1973
0000000879,Mirna,Fallis,27/5/1961,E67CBPjDD46MivK,449-985-2784,27/5/1981
0000000880,Tisha,Buttrum,2/9/1983,L1sjfQlnDpRUMSK,719-514-3386,28/5/1986
0000000881,Marina,Dybald,28/9/1959,93O1DmySEYDAQ0L,334-204-0635,22/8/1979
0000000882,Lars,Begg,7/1/1978,8b7buNW8CtEjBJq,865-933-9963,18/12/2006
0000000883,Dido,Dundredge,21/2/1974,SJpWykSBgjCaapN,124-997-7681,19/11/2000
0000000884,Flinn,Dassindale,10/9/2000,lJYRFEwzjDfCBTf,853-532-5891,11/7/1975
0000000885,Micah,Lindenboim,24/1/1988,Mk52YfeJT7xlJub,354-769-3493,3/7/1993
0000000886,Mirilla,Treace,26/7/1982,kohFUpo55IEzGzh,299-742-8419,14/6/1997
0000000887,Rania,Sarrell,26/7/1984,wfo9GjzjF9SVMns,363-997-7793,14/4/2011
0000000888,Eda,Gradley,18/1/1964,I4xjP8xM0UcYDz1,953-573-4694,19/12/1978
0000000889,Audi,Dursley,1/1/1966,3jscVWWprRQxBkB,827-248-6847,26/11/1985
0000000890,Townsend,Gurg,26/3/1975,Fk31jqej4s1le38,610-143-1241,17/8/1990
0000000891,Augie,Pinder,3/12/1995,BEcGwuKUWVk3MFv,716-100-7475,11/12/2020
0000000892,Boote,Barley,3/1/1989,NqS6e5hWebgQ69P,271-940-1716,4/11/1980
0000000893,Crin,Danilovitch,11/4/1994,veZuM5vywwYyd66,242-531-8903,3/5/2008
0000000894,Dulcie,Scholl,15/10/1973,0Rv0Fqo5FEn8nhC,713-659-8004,22/2/2005
0000000895,Nancee,Dobbson,24/12/1959,a3vbC5M2t3UIU4V,862-237-3816,12/11/1995
0000000896,Peg,Cleworth,4/7/1951,eNBSwAq0wLJ8GGc,808-790-9071,11/5/2019
0000000897,Skipton,Robard,17/11/1961,uq48WWTx8TA0UY1,483-627-7469,9/6/2006
0000000898,Chan,Etienne,5/8/1957,5ReDDTpZNJpAntF,626-885-6589,16/6/2013
0000000899,Doroteya,Stebles,21/2/1955,Noh3nlF812PmhNk,245-390-8437,21/12/1973
0000000900,Aymer,Sansbury,3/5/1985,HYZqzgngI8F8MCA,253-659-3184,20/3/1993
0000000901,Johnath,Wevell,29/8/1992,LQSjnMdXpRSq8HZ,183-438-1909,4/3/1996
0000000902,Ludovika,Keatch,15/7/1953,nFHsy1EGED991Ar,794-197-8501,2/11/1992
0000000903,Elvera,Towers,6/2/1968,OutAXpxPQaB2YVB,590-894-8626,9/8/2020
0000000904,Jesus,Roskelley,16/4/1984,zLLW7hgsFG16Li3,205-839-4555,8/1/2015
0000000905,Mervin,Cudbertson,4/8/1964,RD69W6p5IvSZmGo,255-917-3198,5/11/2006
0000000906,Tedi,Rogliero,16/10/1973,jGAv0dgtTAXY3bv,424-622-7788,23/5/1978
0000000907,Kitti,Winfindine,14/5/1963,yJyexT7YjexXHXo,549-719-9744,23/8/1990
0000000908,Kathrine,Filinkov,10/6/1984,R3GWCvMe8XwCK9V,967-311-3796,21/5/1986
0000000909,Bradan,Pinching,17/5/1978,C4R1yohqLVR2blY,635-698-1523,21/5/2015
0000000910,Shane,Haney,10/1/1997,3rhi9dapj2imjVa,356-222-0957,20/5/1988
0000000911,Jarvis,Baroch,6/10/1957,8UPtfQuqhctm7zk,890-555-8758,1/12/1999
0000000912,Lodovico,Stolli,7/5/1998,gjPD8CcVUo10gXk,173-305-1743,12/8/2020
0000000913,Taddeo,Chardin,17/7/1968,lBC4qUAjDjtgLKr,443-727-0278,6/11/1990
0000000914,Arch,Bentame,10/1/1964,74xHGbCOVX4WoFa,734-623-4097,12/7/1975
0000000915,Oralee,Bevir,29/10/1965,sCqHm52iIEMyOSx,957-351-3299,11/9/1996
0000000916,Nissie,Patnelli,15/2/1994,m6H8R918EcBsQ23,520-975-1448,27/3/1990
0000000917,Cassius,Hounsom,16/2/1978,NywqIkDgsYPeAuP,103-348-9791,21/5/1991
0000000918,Saleem,Renfree,9/11/1981,ni5BcQCOBr63Acb,737-882-8658,16/1/1985
0000000919,Mikol,Frugier,13/2/1995,zRuxB6BlQ4aezOO,657-385-0150,4/8/1993
0000000920,Garek,Style,13/12/1991,t2QcszSBmyJVMtC,578-591-3222,29/1/1997
0000000921,Galvan,Boni,13/7/1956,QdlpEBwbVt9K74F,572-141-2123,5/8/2005
0000000922,Bobinette,Skellion,4/7/1989,QAmmkP1KOAhLMcu,889-465-0069,30/5/1999
0000000923,Lotti,Billham,16/8/1951,X3YTyK6nxXnmczc,673-346-5878,23/12/1999
0000000924,Cecilio,Loveland,19/1/1958,CNLC8Gy182QRMZJ,831-465-4983,25/10/1991
0000000925,Gustav,Vokins,22/5/1960,3930Zw1K4uOE4Lh,342-966-4806,6/8/1989
0000000926,Kalie,Newlands,19/12/1960,ttp4rmESScusqpb,142-812-0730,7/6/1971
0000000927,Barnebas,Sandilands,15/4/1972,paolSFzH0uNJFY2,855-492-9605,7/4/1980
0000000928,Charlton,Dilger,20/12/1964,661KExZdjYXFcXL,149-646-3721,5/11/1973
0000000929,Klemens,Hantusch,5/4/1992,ACMCC4amLZn7GJw,931-993-3556,2/4/1984
0000000930,Quinn,Fellona,9/1/1976,ugixozRno4LT7kd,423-616-3184,26/6/2012
0000000931,Ian,Blouet,28/11/1965,WejJG5IaILhvKln,298-767-5787,17/1/1995
0000000932,Izabel,Iltchev,31/3/1982,fI8pCAfsl3pmlEm,791-612-3605,27/9/1989
0000000933,Yetta,Geleman,25/7/1966,exEPRAh8TRO27dW,332-128-4041,25/11/2000
0000000934,Brad,Stiegars,13/6/1954,GbyYxAhkWVq72Nc,296-250-9958,30/9/1993
0000000935,Daron,Hulett,1/3/1958,ei7R0gHnDJXKNg9,804-465-5014,27/5/2012
0000000936,Gloriana,Northridge,10/2/1954,5mcg9lGIIYnSYPb,768-781-0356,6/4/2014
0000000937,Mireille,Matzel,20/7/1982,tgxKNZdu4zHiPYW,420-688-2984,20/3/1980
0000000938,Cami,Broxup,28/4/1961,VOlBAW27mB22NSz,804-887-0918,28/3/1970
0000000939,Cathie,Gilgryst,28/12/1954,Ie4ZnYhFxdnIgCz,121-164-4539,30/11/1981
0000000940,Lonny,Parram,8/1/1994,f2m9c8TeXoxQfvo,270-217-0023,13/5/2002
0000000941,Quinn,Handford,22/5/1978,5TO6TBbNU96C3To,508-603-8129,27/8/1972
0000000942,Rhody,Liggett,14/9/1970,IlB4eyy9ZTBSDTv,981-424-5521,8/2/2004
0000000943,Louise,Godwyn,12/2/1954,maHHvwZ7SDKhdZX,296-865-9881,2/8/2008
0000000944,Sher,Cozins,2/7/1989,ctmP3oHPKvhdqJG,625-190-5893,20/5/2011
0000000945,Emelen,Rodenburgh,14/8/1956,i3aIN5X3RoTVuuH,212-254-1061,1/2/2004
0000000946,Lorry,Gudahy,13/8/1995,ermnIJHQLd45J4o,275-941-5769,24/2/2000
0000000947,Carree,Cotty,23/10/1954,Yk3DcFlYTODrLeu,314-591-6660,22/7/1979
0000000948,Justinn,Maiden,3/8/1975,vTpYCejtbyow3dW,489-997-1877,10/2/1984
0000000949,Giulietta,Mixter,9/9/1979,D7k6SktGud7dnl8,799-638-2949,13/7/1999
0000000950,Nilson,Sommerling,17/11/1997,UaDFTnXtkuzaGoY,700-131-0124,18/2/1978
0000000951,Finn,Arnell,7/6/1991,hxtN6dZMR0iwSXZ,631-496-2898,11/4/2009
0000000952,Kim,Smithson,20/11/1979,lO55APP9ilXA1sY,138-616-7636,20/1/1996
0000000953,Dell,Brafferton,1/7/1991,1dpkgZYusVHJtjf,661-180-9490,18/7/2019
0000000954,Janeen,Eloi,23/2/1988,1RnrlRC9FLH24Xf,830-833-4964,20/2/1974
0000000955,Cristen,Greeves,12/6/1999,qMGZ4IdqN3UuZXk,870-459-4576,16/6/2014
0000000956,Ricky,Petrina,25/11/1960,AyGUhtclJR73HkE,910-793-7385,20/12/1993
0000000957,Melissa,Loblie,29/3/1977,bebvV7GQteETQm5,179-830-8589,12/6/2003
0000000958,Bart,Mairs,15/9/1953,4yDr660trfGkAEo,375-729-4071,17/9/2019
0000000959,Julie,Styles,5/1/2000,OYqtFkApCrUz8cv,741-363-2128,9/1/1992
0000000960,Cesare,Ruske,13/9/1984,7aITwbmpdjmskKt,799-510-3934,18/2/2018
0000000961,Celinka,Breslin,21/11/1973,eg98COIJtv4t2TX,709-365-0850,8/8/2009
0000000962,Bunnie,Jewise,5/5/1958,2GnU2IBgQ65nBkp,501-768-1249,23/3/1997
0000000963,Gwenni,Bremond,23/7/1964,p9SMTPu1Rm228JY,386-600-6746,12/8/1999
0000000964,Ruthe,Philp,24/6/1990,k4kGOtKtQluyDJe,828-423-1304,7/12/2010
0000000965,Kellen,Wreiford,5/8/1956,ORC6TK6D1XnnJgk,944-597-0972,26/4/1986
0000000966,Inglebert,Manford,23/12/1988,MI0KStLPawUHxZX,336-570-2133,18/4/2001
0000000967,Jordon,Arnley,14/5/1984,EMgq4bF9NPMWErV,141-433-1178,21/10/2013
0000000968,Maynord,Grinyov,15/4/1959,A4QAStRFd2DxhO8,929-551-8607,25/9/1992
0000000969,Addison,Simonou,10/9/1989,863mWokDQRnrU4w,528-545-5093,25/8/1998
0000000970,Dell,Happer,21/11/1990,aMZ04HaXzTSlvuH,850-924-6267,17/12/1997
0000000971,Rebecka,Yitzhok,4/3/1994,WeWX8pEAiActYlp,947-407-9494,2/7/2003
0000000972,Teddy,Goldfinch,16/1/1986,XivNEpqhJoW2B8d,495-933-6070,5/3/1978
0000000973,Berty,Potkins,21/12/1953,yWUdxth0er6oqOe,959-985-2419,7/10/2019
0000000974,Rycca,Ewbach,25/10/1953,3u46YMHRAk4D3eX,138-661-0554,19/6/1985
0000000975,Hubey,Chittleburgh,18/5/1952,m9o0zGTMHsB23LA,466-573-8484,23/8/1985
0000000976,Daron,Salman,14/2/1952,0JxPH1X6uWmRK1w,492-219-9895,24/8/1981
0000000977,Daryle,Gaither,7/4/1971,pUPDFFSYdzE5Ixg,602-996-0092,17/9/2011
0000000978,Felike,Greet,22/10/1954,Wmw6yFohFo7iPhK,990-959-5950,20/2/1975
0000000979,Micheal,Hilley,23/12/1953,b9ai3pT8eDKd5Zv,718-795-7801,1/8/1990
0000000980,Jen,Goding,3/4/1950,LUD5XJL2zBoeV0o,550-552-0269,13/7/2013
0000000981,Philip,Kesper,15/10/1973,SjVF04r1BDUyVv0,931-597-9127,20/2/1988
0000000982,Tish,Rawson,5/3/1999,8F9pr2lfDVGBQKH,856-981-2469,21/4/1996
0000000983,Dacy,Tatem,12/8/1973,1dSuzVxc4xoRH1J,371-441-8115,4/10/1989
0000000984,Zola,Kaine,13/8/1956,8pht93v7YFVbeu8,709-723-3953,22/4/2000
0000000985,Freeman,Tompkiss,14/11/1973,ZMcZIqFLRiTSI9y,627-622-3091,24/12/1985
0000000986,Minnaminnie,O'Loinn,7/8/1958,dCov8VoJ1ShIEKV,680-414-8887,10/1/2009
0000000987,Gav,Cash,3/11/1991,jzJsUOYbJxOhBLT,303-563-4235,9/10/2016
0000000988,Reeba,Meffen,2/1/1984,JZJDR1ZzxHAG8S1,906-280-2474,25/10/1987
0000000989,Alyss,Gamett,28/12/1989,VzMOJ5kCVupRrlu,986-615-5258,15/2/2004
0000000990,Pru,Simak,11/7/1958,bHfCGoCU0Y3aNxE,383-625-7467,14/1/2021
0000000991,Christie,Brindley,16/6/1953,wFxW8QvMiNGPppe,465-120-4814,22/10/2020
0000000992,Mateo,Fermoy,28/5/1972,v5Cc5X2grxUanuo,669-396-6387,6/11/1973
0000000993,Lotty,Ruhben,10/7/1972,txjZUElm1uVk7FG,804-853-6391,14/5/1994
0000000994,Cherri,Guswell,13/6/1964,naTdGwsx0qPvrTx,287-179-0286,17/1/2002
0000000995,Tobit,Schrei,1/1/1978,9ylUiacOllGICKw,147-115-8018,4/2/1989
0000000996,Cherin,Yuryshev,30/6/1952,M4g9vTcPPOXL72V,726-395-2660,14/1/1994
0000000997,Lyle,Deschelle,25/6/1953,S8ZlcS7I4lohXsV,215-545-2038,14/10/2018
0000000998,Ivette,Marklund,9/6/1998,rat5MTe1Idquggj,773-212-3256,24/1/2014
0000000999,Fredric,Murty,21/8/1969,IZhVIorarHNlvTf,498-778-6975,13/11/1982
0000001000,Myrtie,Shimwell,12/11/1974,onTSrZAl2pQt9P8,416-708-1251,1/8/1981
