P000000001,01/01/2009,01/01/9999,2510
P000000002,01/01/2009,01/02/9999,860
P000000003,01/01/2009,01/03/9999,380
P000000004,01/01/2009,01/04/9999,2530
P000000005,01/02/2009,01/05/9999,680
P000000006,01/02/2009,01/06/9999,1000
P000000007,01/02/2009,01/07/9999,860
P000000008,01/03/2009,01/08/9999,2300
P000000009,01/05/2009,01/09/9999,2460
P000000010,01/05/2009,01/10/9999,1400
P000000011,01/06/2009,01/11/9999,1490
P000000012,01/06/2009,01/12/9999,790
P000000013,01/06/2009,01/13/9999,1200
P000000014,01/06/2009,01/14/9999,1700
P000000015,01/06/2009,01/15/9999,1960
P000000016,01/07/2009,01/16/9999,2490
P000000017,01/07/2009,01/17/9999,1520
P000000018,01/09/2009,01/18/9999,780
P000000019,01/10/2009,01/19/9999,580
P000000020,01/10/2009,01/20/9999,1500
P000000021,01/10/2009,01/21/9999,2400
P000000022,01/11/2009,01/22/9999,500
P000000023,01/11/2009,01/23/9999,3110
P000000024,01/11/2009,01/24/9999,3110
P000000025,01/12/2009,01/25/9999,860
P000000026,01/12/2009,01/26/9999,590
P000000027,01/12/2009,01/27/9999,1490
P000000028,01/12/2009,01/28/9999,110
P000000029,01/13/2009,01/29/9999,6150
P000000030,01/14/2009,01/30/9999,4610
P000000031,01/14/2009,01/31/9999,2000
P000000032,01/14/2009,02/01/9999,1800
P000000033,01/14/2009,02/02/9999,540
P000000034,01/14/2009,02/03/9999,1380
P000000035,01/14/2009,02/04/9999,950
P000000036,01/15/2009,02/05/9999,740
P000000037,01/16/2009,02/06/9999,4710
P000000038,01/16/2009,02/07/9999,2600
P000000039,01/16/2009,02/08/9999,4700
P000000040,01/16/2009,02/09/9999,2840
P000000041,01/16/2009,02/10/9999,510
P000000042,01/16/2009,02/11/9999,2160
P000000043,01/16/2009,02/12/9999,1670
P000000044,01/16/2009,02/13/9999,520
P000000045,01/17/2009,02/14/9999,6540
P000000046,01/17/2009,02/15/9999,530
P000000047,01/18/2009,02/16/9999,1850
P000000048,01/19/2009,02/17/9999,5090
P000000049,01/19/2009,02/18/9999,260
P000000050,01/19/2009,02/19/9999,2890
P000000051,01/20/2009,02/20/9999,3960
P000000052,01/20/2009,02/21/9999,260
P000000053,01/21/2009,02/22/9999,200
P000000054,01/21/2009,02/23/9999,240
P000000055,01/23/2009,02/24/9999,410
P000000056,01/23/2009,02/25/9999,400
P000000057,01/24/2009,02/26/9999,2540
P000000058,01/25/2009,02/27/9999,470
P000000059,01/25/2009,02/28/9999,5630
P000000060,01/25/2009,03/01/9999,450
P000000061,01/26/2009,03/02/9999,290
P000000062,01/27/2009,03/03/9999,280
P000000063,01/27/2009,03/04/9999,199
P000000064,01/27/2009,03/05/9999,1090
P000000065,01/28/2009,03/06/9999,1260
P000000066,01/28/2009,03/07/9999,290
P000000067,01/28/2009,03/08/9999,420
P000000068,01/29/2009,03/09/9999,450
P000000069,01/29/2009,03/10/9999,350
P000000070,01/30/2009,03/11/9999,1000
P000000071,01/31/2009,03/12/9999,320
P000000072,01/31/2009,03/13/9999,1450
P000000073,02/01/2009,03/14/9999,560
P000000074,02/01/2009,03/15/9999,1150
P000000075,02/01/2009,03/16/9999,590
P000000076,02/01/2009,03/17/9999,350
P000000077,02/01/2009,03/18/9999,610
P000000078,02/01/2009,03/19/9999,200
P000000079,02/01/2009,03/20/9999,230
P000000080,02/01/2009,03/21/9999,230
P000000081,02/01/2009,03/22/9999,350
P000000082,02/02/2009,03/23/9999,1680
P000000083,02/02/2009,03/24/9999,420
P000000084,02/02/2009,03/25/9999,550
P000000085,02/02/2009,03/26/9999,260
P000000086,02/02/2009,03/27/9999,460
P000000087,02/03/2009,03/28/9999,150
P000000088,02/03/2009,03/29/9999,440
P000000089,02/04/2009,03/30/9999,390
P000000090,02/04/2009,03/31/9999,840
P000000091,02/04/2009,04/01/9999,630
P000000092,02/05/2009,04/02/9999,530
P000000093,02/06/2009,04/03/9999,830
P000000094,02/06/2009,04/04/9999,1080
P000000095,02/06/2009,04/05/9999,1210
P000000096,02/07/2009,04/06/9999,690
P000000097,02/07/2009,04/07/9999,470
P000000098,02/08/2009,04/08/9999,950
P000000099,02/08/2009,04/09/9999,500
P000000100,02/08/2009,04/10/9999,270
P000000101,02/08/2009,04/11/9999,540
P000000102,02/08/2009,04/12/9999,390
P000000103,02/09/2009,04/13/9999,6100
P000000104,02/09/2009,04/14/9999,1530
P000000105,02/09/2009,04/15/9999,4600
P000000106,02/10/2009,04/16/9999,440
P000000107,02/10/2009,04/17/9999,3200
P000000108,02/10/2009,04/18/9999,310
P000000109,02/10/2009,04/19/9999,7250
P000000110,02/10/2009,04/20/9999,520
P000000111,02/10/2009,04/21/9999,2440
P000000112,02/11/2009,04/22/9999,1680
P000000113,02/11/2009,04/23/9999,2680
P000000114,02/11/2009,04/24/9999,870
P000000115,02/12/2009,04/25/9999,3170
P000000116,02/12/2009,04/26/9999,870
P000000117,02/12/2009,04/27/9999,220
P000000118,02/14/2009,04/28/9999,3170
P000000119,02/14/2009,04/29/9999,1860
P000000120,02/14/2009,04/30/9999,7400
P000000121,02/14/2009,05/01/9999,350
P000000122,02/14/2009,05/02/9999,790
P000000123,02/15/2009,05/03/9999,1140
P000000124,02/15/2009,05/04/9999,850
P000000125,02/15/2009,05/05/9999,870
P000000126,02/15/2009,05/06/9999,440
P000000127,02/16/2009,05/07/9999,330
P000000128,02/16/2009,05/08/9999,720
P000000129,02/16/2009,05/09/9999,680
P000000130,02/16/2009,05/10/9999,3870
P000000131,02/16/2009,05/11/9999,580
P000000132,02/17/2009,05/12/9999,470
P000000133,02/17/2009,05/13/9999,510
P000000134,02/17/2009,05/14/9999,930
P000000135,02/20/2009,05/15/9999,840
P000000136,02/20/2009,05/16/9999,480
P000000137,02/20/2009,05/17/9999,310
P000000138,02/21/2009,05/18/9999,790
P000000139,02/21/2009,05/19/9999,950
P000000140,02/21/2009,05/20/9999,5980
P000000141,02/21/2009,05/21/9999,630
P000000142,02/22/2009,05/22/9999,950
P000000143,02/22/2009,05/23/9999,2370
P000000144,02/22/2009,05/24/9999,820
P000000145,02/23/2009,05/25/9999,860
P000000146,02/23/2009,05/26/9999,5200
P000000147,02/24/2009,05/27/9999,950
P000000148,02/24/2009,05/28/9999,650
P000000149,02/24/2009,05/29/9999,1980
P000000150,02/24/2009,05/30/9999,550
P000000151,02/24/2009,05/31/9999,4890
P000000152,02/25/2009,06/01/9999,3760
P000000153,02/25/2009,06/02/9999,670
P000000154,02/27/2009,06/03/9999,3700
P000000155,02/28/2009,06/04/9999,3800
P000000156,02/28/2009,06/05/9999,2110
P000000157,03/01/2009,06/06/9999,1770
P000000158,03/01/2009,06/07/9999,1460
P000000159,03/02/2009,06/08/9999,1710
P000000160,03/02/2009,06/09/9999,7430
P000000161,03/02/2009,06/10/9999,5210
P000000162,03/03/2009,06/11/9999,1490
P000000163,03/03/2009,06/12/9999,2470
P000000164,03/03/2009,06/13/9999,3430
P000000165,03/04/2009,06/14/9999,5660
P000000166,03/05/2009,06/15/9999,2280
P000000167,03/05/2009,06/16/9999,3260
P000000168,03/05/2009,06/17/9999,2840
P000000169,03/05/2009,06/18/9999,2280
P000000170,03/06/2009,06/19/9999,4790
P000000171,03/06/2009,06/20/9999,1100
P000000172,03/06/2009,06/21/9999,8390
P000000173,03/06/2009,06/22/9999,860
P000000174,03/07/2009,06/23/9999,820
P000000175,03/07/2009,06/24/9999,460
P000000176,03/07/2009,06/25/9999,5260
P000000177,03/07/2009,06/26/9999,670
P000000178,03/07/2009,06/27/9999,530
P000000179,03/07/2009,06/28/9999,1580
P000000180,03/07/2009,06/29/9999,1570
P000000181,03/07/2009,06/30/9999,320
P000000182,03/08/2009,07/01/9999,650
P000000183,03/08/2009,07/02/9999,840
P000000184,03/09/2009,07/03/9999,600
P000000185,03/09/2009,07/04/9999,7200
P000000186,03/09/2009,07/05/9999,540
P000000187,03/09/2009,07/06/9999,970
P000000188,03/09/2009,07/07/9999,5800
P000000189,03/10/2009,07/08/9999,410
P000000190,03/11/2009,07/09/9999,350
P000000191,03/11/2009,07/10/9999,7400
P000000192,03/11/2009,07/11/9999,780
P000000193,03/12/2009,07/12/9999,5760
P000000194,03/12/2009,07/13/9999,820
P000000195,03/13/2009,07/14/9999,170
P000000196,03/13/2009,07/15/9999,340
P000000197,03/13/2009,07/16/9999,260
P000000198,03/13/2009,07/17/9999,800
P000000199,03/13/2009,07/18/9999,260
P000000200,03/14/2009,07/19/9999,760
P000000201,03/15/2009,07/20/9999,690
P000000202,03/15/2009,07/21/9999,890
P000000203,03/16/2009,07/22/9999,640
P000000204,03/16/2009,07/23/9999,770
P000000205,03/16/2009,07/24/9999,960
P000000206,03/16/2009,07/25/9999,730
P000000207,03/17/2009,07/26/9999,870
P000000208,03/17/2009,07/27/9999,320
P000000209,03/18/2009,07/28/9999,170
P000000210,03/18/2009,07/29/9999,220
P000000211,03/18/2009,07/30/9999,270
P000000212,03/19/2009,07/31/9999,980
P000000213,03/20/2009,08/01/9999,350
P000000214,03/20/2009,08/02/9999,290
P000000215,03/20/2009,08/03/9999,280
P000000216,03/21/2009,08/04/9999,220
P000000217,03/21/2009,08/05/9999,430
P000000218,03/21/2009,08/06/9999,290
P000000219,03/21/2009,08/07/9999,570
P000000220,03/21/2009,08/08/9999,380
P000000221,03/23/2009,08/09/9999,690
P000000222,03/23/2009,08/10/9999,850
P000000223,03/24/2009,08/11/9999,290
P000000224,03/24/2009,08/12/9999,160
P000000225,03/24/2009,08/13/9999,380
P000000226,03/24/2009,08/14/9999,570
P000000227,03/25/2009,08/15/9999,410
P000000228,03/26/2009,08/16/9999,130
P000000229,03/26/2009,08/17/9999,480
P000000230,03/26/2009,08/18/9999,210
P000000231,03/26/2009,08/19/9999,660
P000000232,03/26/2009,08/20/9999,390
P000000233,03/27/2009,08/21/9999,680
P000000234,03/27/2009,08/22/9999,930
P000000235,03/27/2009,08/23/9999,790
P000000236,03/27/2009,08/24/9999,450
P000000237,03/29/2009,08/25/9999,760
P000000238,03/29/2009,08/26/9999,820
P000000239,03/30/2009,08/27/9999,810
P000000240,03/30/2009,08/28/9999,1060
P000000241,03/30/2009,08/29/9999,1730
P000000242,03/31/2009,08/30/9999,1000
P000000243,03/31/2009,08/31/9999,870
P000000244,04/01/2009,09/01/9999,630
P000000245,04/01/2009,09/02/9999,1160
P000000246,04/01/2009,09/03/9999,480
P000000247,04/02/2009,09/04/9999,310
P000000248,04/02/2009,09/05/9999,860
P000000249,04/04/2009,09/06/9999,980
P000000250,04/04/2009,09/07/9999,300
P000000251,04/04/2009,09/08/9999,690
P000000252,04/05/2009,09/09/9999,1500
P000000253,04/05/2009,09/10/9999,450
P000000254,04/05/2009,09/11/9999,770
P000000255,04/05/2009,09/12/9999,640
P000000256,04/06/2009,09/13/9999,400
P000000257,04/06/2009,09/14/9999,200
P000000258,04/07/2009,09/15/9999,1950
P000000259,04/07/2009,09/16/9999,2100
P000000260,04/08/2009,09/17/9999,810
P000000261,04/08/2009,09/18/9999,400
P000000262,04/08/2009,09/19/9999,1110
P000000263,04/08/2009,09/20/9999,670
P000000264,04/08/2009,09/21/9999,800
P000000265,04/09/2009,09/22/9999,620
P000000266,04/09/2009,09/23/9999,1000
P000000267,04/09/2009,09/24/9999,840
P000000268,04/09/2009,09/25/9999,570
P000000269,04/09/2009,09/26/9999,630
P000000270,04/09/2009,09/27/9999,1100
P000000271,04/10/2009,09/28/9999,7110
P000000272,04/11/2009,09/29/9999,980
P000000273,04/12/2009,09/30/9999,2900
P000000274,04/12/2009,10/01/9999,1960
P000000275,04/12/2009,10/02/9999,1970
P000000276,04/13/2009,10/03/9999,3380
P000000277,04/13/2009,10/04/9999,1650
P000000278,04/13/2009,10/05/9999,820
P000000279,04/13/2009,10/06/9999,2070
P000000280,04/13/2009,10/07/9999,2010
P000000281,04/14/2009,10/08/9999,1960
P000000282,04/14/2009,10/09/9999,1970
P000000283,04/14/2009,10/10/9999,1390
P000000284,04/15/2009,10/11/9999,790
P000000285,04/15/2009,10/12/9999,400
P000000286,04/15/2009,10/13/9999,400
P000000287,04/16/2009,10/14/9999,810
P000000288,04/17/2009,10/15/9999,410
P000000289,04/18/2009,10/16/9999,700
P000000290,04/18/2009,10/17/9999,620
P000000291,04/18/2009,10/18/9999,670
P000000292,04/18/2009,10/19/9999,790
P000000293,04/18/2009,10/20/9999,450
P000000294,04/18/2009,10/21/9999,720
P000000295,04/18/2009,10/22/9999,530
P000000296,04/19/2009,10/23/9999,710
P000000297,04/19/2009,10/24/9999,410
P000000298,04/19/2009,10/25/9999,620
P000000299,04/20/2009,10/26/9999,830
P000000300,04/20/2009,10/27/9999,240
P000000301,04/20/2009,10/28/9999,730
P000000302,04/21/2009,10/29/9999,170
P000000303,04/21/2009,10/30/9999,840
P000000304,04/21/2009,10/31/9999,330
P000000305,04/21/2009,11/01/9999,520
P000000306,04/22/2009,11/02/9999,670
P000000307,04/22/2009,11/03/9999,110
P000000308,04/23/2009,11/04/9999,590
P000000309,04/23/2009,11/05/9999,220
P000000310,04/24/2009,11/06/9999,200
P000000311,04/24/2009,11/07/9999,780
P000000312,04/25/2009,11/08/9999,410
P000000313,04/25/2009,11/09/9999,210
P000000314,04/25/2009,11/10/9999,370
P000000315,04/26/2009,11/11/9999,900
P000000316,04/26/2009,11/12/9999,270
P000000317,04/26/2009,11/13/9999,170
P000000318,04/27/2009,11/14/9999,330
P000000319,04/27/2009,11/15/9999,800
P000000320,04/28/2009,11/16/9999,240
P000000321,04/28/2009,11/17/9999,1160
P000000322,04/28/2009,11/18/9999,580
P000000323,04/28/2009,11/19/9999,950
P000000324,04/28/2009,11/20/9999,1400
P000000325,04/29/2009,11/21/9999,470
P000000326,04/29/2009,11/22/9999,860
P000000327,04/30/2009,11/23/9999,230
P000000328,04/30/2009,11/24/9999,570
P000000329,04/30/2009,11/25/9999,790
P000000330,04/30/2009,11/26/9999,340
P000000331,05/01/2009,11/27/9999,400
P000000332,05/01/2009,11/28/9999,420
P000000333,05/02/2009,11/29/9999,860
P000000334,05/02/2009,11/30/9999,740
P000000335,05/02/2009,12/01/9999,550
P000000336,05/03/2009,12/02/9999,430
P000000337,05/03/2009,12/03/9999,370
P000000338,05/03/2009,12/04/9999,660
P000000339,05/04/2009,12/05/9999,970
P000000340,05/04/2009,12/06/9999,600
P000000341,05/05/2009,12/07/9999,650
P000000342,05/05/2009,12/08/9999,640
P000000343,05/06/2009,12/09/9999,990
P000000344,05/06/2009,12/10/9999,340
P000000345,05/06/2009,12/11/9999,660
P000000346,05/07/2009,12/12/9999,280
P000000347,05/07/2009,12/13/9999,290
P000000348,05/08/2009,12/14/9999,360
P000000349,05/08/2009,12/15/9999,350
P000000350,05/08/2009,12/16/9999,640
P000000351,05/09/2009,12/17/9999,170
P000000352,05/10/2009,12/18/9999,780
P000000353,05/11/2009,12/19/9999,290
P000000354,05/11/2009,12/20/9999,640
P000000355,05/11/2009,12/21/9999,2000
P000000356,05/12/2009,12/22/9999,680
P000000357,05/12/2009,12/23/9999,610
P000000358,05/12/2009,12/24/9999,660
P000000359,05/13/2009,12/25/9999,340
P000000360,05/13/2009,12/26/9999,820
P000000361,05/13/2009,12/27/9999,950
P000000362,05/14/2009,12/28/9999,690
P000000363,05/14/2009,12/29/9999,940
P000000364,05/14/2009,12/30/9999,230
P000000365,05/16/2009,12/31/9999,660
P000000366,05/16/2009,01/01/9999,140
P000000367,05/17/2009,01/01/9999,810
P000000368,05/17/2009,01/01/9999,940
P000000369,05/17/2009,01/01/9999,800
P000000370,05/18/2009,01/01/9999,930
P000000371,05/18/2009,01/01/9999,730
P000000372,05/18/2009,01/01/9999,720
P000000373,05/19/2009,01/01/9999,680
P000000374,05/19/2009,01/01/9999,200
P000000375,05/19/2009,01/01/9999,320
P000000376,05/19/2009,01/01/9999,230
P000000377,05/19/2009,01/01/9999,180
P000000378,05/22/2009,01/01/9999,620
P000000379,05/23/2009,01/01/9999,670
P000000380,05/23/2009,01/01/9999,890
P000000381,05/24/2009,01/01/9999,130
P000000382,05/25/2009,01/01/9999,110
P000000383,05/26/2009,01/01/9999,480
P000000384,05/26/2009,01/01/9999,730
P000000385,05/26/2009,01/01/9999,830
P000000386,05/27/2009,01/01/9999,560
P000000387,05/27/2009,01/01/9999,490
P000000388,05/27/2009,01/01/9999,590
P000000389,05/28/2009,01/01/9999,850
P000000390,05/28/2009,01/01/9999,170
P000000391,05/28/2009,01/01/9999,450
P000000392,05/28/2009,01/01/9999,210
P000000393,05/29/2009,01/01/9999,250
P000000394,05/29/2009,01/01/9999,100
P000000395,05/29/2009,01/01/9999,240
P000000396,05/30/2009,01/01/9999,550
P000000397,05/30/2009,01/01/9999,210
P000000398,05/30/2009,01/01/9999,350
P000000399,05/30/2009,01/01/9999,540
P000000400,05/30/2009,01/01/9999,440
P000000401,05/31/2009,01/01/9999,370
P000000402,05/31/2009,01/01/9999,570
P000000403,05/31/2009,01/01/9999,630
P000000404,06/01/2009,01/01/9999,200
P000000405,06/01/2009,01/01/9999,420
P000000406,06/01/2009,01/01/9999,990
P000000407,06/01/2009,01/01/9999,910
P000000408,06/01/2009,01/01/9999,300
P000000409,06/01/2009,01/01/9999,450
P000000410,06/01/2009,01/01/9999,7900
P000000411,06/02/2009,01/01/9999,6600
P000000412,06/03/2009,01/01/9999,4360
P000000413,06/04/2009,01/01/9999,8600
P000000414,06/04/2009,01/01/9999,8060
P000000415,06/05/2009,01/01/9999,6200
P000000416,06/05/2009,01/01/9999,11000
P000000417,06/05/2009,01/01/9999,5200
P000000418,06/05/2009,01/01/9999,4500
P000000419,06/05/2009,01/01/9999,9500
P000000420,06/05/2009,01/01/9999,6800
P000000421,06/06/2009,01/01/9999,5970
P000000422,06/07/2009,01/01/9999,8790
P000000423,06/08/2009,01/01/9999,8430
P000000424,06/08/2009,01/01/9999,8000
P000000425,06/08/2009,01/01/9999,5300
P000000426,06/08/2009,01/01/9999,5200
P000000427,06/10/2009,01/01/9999,1900
P000000428,06/10/2009,01/01/9999,7460
P000000429,06/11/2009,01/01/9999,9000
P000000430,06/12/2009,01/01/9999,670
P000000431,06/12/2009,01/01/9999,210
P000000432,06/12/2009,01/01/9999,740
P000000433,06/12/2009,01/01/9999,580
P000000434,06/12/2009,01/01/9999,990
P000000435,06/12/2009,01/01/9999,950
P000000436,06/13/2009,01/01/9999,840
P000000437,06/13/2009,01/01/9999,1210
P000000438,06/14/2009,01/01/9999,580
P000000439,06/14/2009,01/01/9999,270
P000000440,06/14/2009,01/01/9999,1380
P000000441,06/14/2009,01/01/9999,3330
P000000442,06/15/2009,01/01/9999,1660
P000000443,06/15/2009,01/01/9999,1510
P000000444,06/15/2009,01/01/9999,2260
P000000445,06/17/2009,01/01/9999,2900
P000000446,06/17/2009,01/01/9999,5310
P000000447,06/18/2009,01/01/9999,7530
P000000448,06/18/2009,01/01/9999,2740
P000000449,06/19/2009,01/01/9999,2850
P000000450,06/20/2009,01/01/9999,840
P000000451,06/20/2009,01/01/9999,510
P000000452,06/20/2009,01/01/9999,940
P000000453,06/20/2009,01/01/9999,980
P000000454,06/21/2009,01/01/9999,870
P000000455,06/21/2009,01/01/9999,720
P000000456,06/21/2009,01/01/9999,730
P000000457,06/22/2009,01/01/9999,900
P000000458,06/22/2009,01/01/9999,340
P000000459,06/23/2009,01/01/9999,530
P000000460,06/23/2009,01/01/9999,3300
P000000461,06/23/2009,01/01/9999,18000
P000000462,06/23/2009,01/01/9999,8600
P000000463,06/23/2009,01/01/9999,9200
P000000464,06/24/2009,01/01/9999,3130
P000000465,06/24/2009,01/01/9999,2800
P000000466,06/24/2009,01/01/9999,2300
P000000467,06/25/2009,01/01/9999,8600
P000000468,06/25/2009,01/01/9999,4000
P000000469,06/26/2009,01/01/9999,4500
P000000470,06/27/2009,01/01/9999,5800
P000000471,06/27/2009,01/01/9999,6500
P000000472,06/28/2009,01/01/9999,5100
P000000473,06/28/2009,01/01/9999,8900
P000000474,06/28/2009,01/01/9999,1830
P000000475,06/28/2009,01/01/9999,8900
P000000476,06/28/2009,01/01/9999,7700
P000000477,06/29/2009,01/01/9999,4230
P000000478,06/29/2009,01/01/9999,8310
P000000479,06/30/2009,01/01/9999,6900
P000000480,06/30/2009,01/01/9999,260
P000000481,07/02/2009,01/01/9999,590
P000000482,07/03/2009,01/01/9999,550
P000000483,07/03/2009,01/01/9999,400
P000000484,07/04/2009,01/01/9999,740
P000000485,07/04/2009,01/01/9999,480
P000000486,07/04/2009,01/01/9999,770
P000000487,07/04/2009,01/01/9999,110
P000000488,07/04/2009,01/01/9999,120
P000000489,07/04/2009,01/01/9999,580
P000000490,07/04/2009,01/01/9999,760
P000000491,07/05/2009,01/01/9999,1680
P000000492,07/06/2009,01/01/9999,870
P000000493,07/06/2009,01/01/9999,450
P000000494,07/06/2009,01/01/9999,650
P000000495,07/06/2009,01/01/9999,600
P000000496,07/06/2009,01/01/9999,470
P000000497,07/07/2009,01/01/9999,650
P000000498,07/07/2009,01/01/9999,520
P000000499,07/08/2009,01/01/9999,690
P000000500,07/08/2009,01/01/9999,540
P000000501,07/08/2009,01/01/9999,810
P000000502,07/08/2009,01/01/9999,910
P000000503,07/09/2009,01/01/9999,130
P000000504,07/09/2009,01/01/9999,230
P000000505,07/09/2009,01/01/9999,910
P000000506,07/09/2009,01/01/9999,230
P000000507,07/09/2009,01/01/9999,120
P000000508,07/09/2009,01/01/9999,390
P000000509,07/09/2009,01/01/9999,490
P000000510,07/10/2009,01/01/9999,330
P000000511,07/10/2009,01/01/9999,280
P000000512,07/10/2009,01/01/9999,820
P000000513,07/10/2009,01/01/9999,800
P000000514,07/11/2009,01/01/9999,1900
P000000515,07/11/2009,01/01/9999,1720
P000000516,07/12/2009,01/01/9999,760
P000000517,07/12/2009,01/01/9999,1450
P000000518,07/12/2009,01/01/9999,1720
P000000519,07/12/2009,01/01/9999,290
P000000520,07/12/2009,01/01/9999,490
P000000521,07/13/2009,01/01/9999,590
P000000522,07/13/2009,01/01/9999,670
P000000523,07/14/2009,01/01/9999,970
P000000524,07/14/2009,01/01/9999,600
P000000525,07/14/2009,01/01/9999,340
P000000526,07/14/2009,01/01/9999,960
P000000527,07/15/2009,01/01/9999,660
P000000528,07/15/2009,01/01/9999,590
P000000529,07/16/2009,01/01/9999,370
P000000530,07/17/2009,01/01/9999,680
P000000531,07/17/2009,01/01/9999,700
P000000532,07/17/2009,01/01/9999,310
P000000533,07/17/2009,01/01/9999,640
P000000534,07/17/2009,01/01/9999,280
P000000535,07/17/2009,01/01/9999,940
P000000536,07/17/2009,01/01/9999,420
P000000537,07/17/2009,01/01/9999,180
P000000538,07/18/2009,01/01/9999,990
P000000539,07/18/2009,01/01/9999,250
P000000540,07/19/2009,01/01/9999,210
P000000541,07/19/2009,01/01/9999,630
P000000542,07/19/2009,01/01/9999,950
P000000543,07/19/2009,01/01/9999,120
P000000544,07/22/2009,01/01/9999,620
P000000545,07/22/2009,01/01/9999,650
P000000546,07/22/2009,01/01/9999,700
P000000547,07/22/2009,01/01/9999,420
P000000548,07/23/2009,01/01/9999,990
P000000549,07/23/2009,01/01/9999,460
P000000550,07/24/2009,01/01/9999,810
P000000551,07/24/2009,01/01/9999,890
P000000552,07/24/2009,01/01/9999,640
P000000553,07/25/2009,01/01/9999,440
P000000554,07/25/2009,01/01/9999,530
P000000555,07/26/2009,01/01/9999,770
P000000556,07/27/2009,01/01/9999,390
P000000557,07/29/2009,01/01/9999,460
P000000558,07/29/2009,01/01/9999,530
P000000559,07/29/2009,01/01/9999,570
P000000560,07/30/2009,01/01/9999,850
P000000561,07/30/2009,01/01/9999,110
P000000562,07/31/2009,01/01/9999,670
P000000563,08/01/2009,01/01/9999,520
P000000564,08/01/2009,01/01/9999,480
P000000565,08/02/2009,01/01/9999,420
P000000566,08/02/2009,01/01/9999,950
P000000567,08/02/2009,01/01/9999,240
P000000568,08/03/2009,01/01/9999,460
P000000569,08/03/2009,01/01/9999,440
P000000570,08/03/2009,01/01/9999,480
P000000571,08/03/2009,01/01/9999,370
P000000572,08/04/2009,01/01/9999,650
P000000573,08/05/2009,01/01/9999,330
P000000574,08/05/2009,01/01/9999,430
P000000575,08/05/2009,01/01/9999,420
P000000576,08/06/2009,01/01/9999,860
P000000577,08/06/2009,01/01/9999,210
P000000578,08/06/2009,01/01/9999,470
P000000579,08/06/2009,01/01/9999,260
P000000580,08/07/2009,01/01/9999,760
P000000581,08/08/2009,01/01/9999,870
P000000582,08/08/2009,01/01/9999,880
P000000583,08/08/2009,01/01/9999,350
P000000584,08/09/2009,01/01/9999,690
P000000585,08/09/2009,01/01/9999,530
P000000586,08/09/2009,01/01/9999,920
P000000587,08/09/2009,01/01/9999,630
P000000588,08/09/2009,01/01/9999,390
P000000589,08/10/2009,01/01/9999,330
P000000590,08/11/2009,01/01/9999,210
P000000591,08/11/2009,01/01/9999,820
P000000592,08/11/2009,01/01/9999,570
P000000593,08/12/2009,01/01/9999,870
P000000594,08/12/2009,01/01/9999,570
P000000595,08/12/2009,01/01/9999,840
P000000596,08/12/2009,01/01/9999,820
P000000597,08/13/2009,01/01/9999,420
P000000598,08/13/2009,01/01/9999,670
P000000599,08/13/2009,01/01/9999,560
P000000600,08/13/2009,01/01/9999,840
P000000601,08/13/2009,01/01/9999,730
P000000602,08/13/2009,01/01/9999,530
P000000603,08/14/2009,01/01/9999,130
P000000604,08/15/2009,01/01/9999,640
P000000605,08/15/2009,01/01/9999,400
P000000606,08/16/2009,01/01/9999,830
P000000607,08/16/2009,01/01/9999,340
P000000608,08/16/2009,01/01/9999,530
P000000609,08/17/2009,01/01/9999,860
P000000610,08/17/2009,01/01/9999,710
P000000611,08/18/2009,01/01/9999,650
P000000612,08/18/2009,01/01/9999,650
P000000613,08/18/2009,01/01/9999,850
P000000614,08/18/2009,01/01/9999,200
P000000615,08/18/2009,01/01/9999,630
P000000616,08/19/2009,01/01/9999,190
P000000617,08/19/2009,01/01/9999,490
P000000618,08/20/2009,01/01/9999,730
P000000619,08/21/2009,01/01/9999,660
P000000620,08/21/2009,01/01/9999,800
P000000621,08/22/2009,01/01/9999,530
P000000622,08/23/2009,01/01/9999,350
P000000623,08/23/2009,01/01/9999,780
P000000624,08/23/2009,01/01/9999,300
P000000625,08/23/2009,01/01/9999,630
P000000626,08/24/2009,01/01/9999,960
P000000627,08/24/2009,01/01/9999,370
P000000628,08/24/2009,01/01/9999,630
P000000629,08/24/2009,01/01/9999,670
P000000630,08/25/2009,01/01/9999,460
P000000631,08/26/2009,01/01/9999,5800
P000000632,08/26/2009,01/01/9999,6200
P000000633,08/26/2009,01/01/9999,5110
P000000634,08/26/2009,01/01/9999,3900
P000000635,08/26/2009,01/01/9999,780
P000000636,08/27/2009,01/01/9999,5500
P000000637,08/27/2009,01/01/9999,2400
P000000638,08/27/2009,01/01/9999,3690
P000000639,08/28/2009,01/01/9999,2740
P000000640,08/28/2009,01/01/9999,1100
P000000641,08/28/2009,01/01/9999,940
P000000642,08/28/2009,01/01/9999,750
P000000643,08/28/2009,01/01/9999,440
P000000644,08/29/2009,01/01/9999,920
P000000645,08/29/2009,01/01/9999,400
P000000646,08/30/2009,01/01/9999,970
P000000647,08/30/2009,01/01/9999,770
P000000648,08/30/2009,01/01/9999,470
P000000649,08/30/2009,01/01/9999,240
P000000650,08/31/2009,01/01/9999,500
P000000651,09/01/2009,01/01/9999,710
P000000652,09/01/2009,01/01/9999,630
P000000653,09/02/2009,01/01/9999,260
P000000654,09/02/2009,01/01/9999,940
P000000655,09/02/2009,01/01/9999,550
P000000656,09/03/2009,01/01/9999,500
P000000657,09/03/2009,01/01/9999,640
P000000658,09/03/2009,01/01/9999,410
P000000659,09/04/2009,01/01/9999,180
P000000660,09/04/2009,01/01/9999,200
P000000661,09/04/2009,01/01/9999,390
P000000662,09/05/2009,01/01/9999,610
P000000663,09/05/2009,01/01/9999,710
P000000664,09/05/2009,01/01/9999,430
P000000665,09/06/2009,01/01/9999,860
P000000666,09/07/2009,01/01/9999,1000
P000000667,09/07/2009,01/01/9999,780
P000000668,09/07/2009,01/01/9999,810
P000000669,09/07/2009,01/01/9999,240
P000000670,09/08/2009,01/01/9999,870
P000000671,09/08/2009,01/01/9999,1000
P000000672,09/08/2009,01/01/9999,220
P000000673,09/09/2009,01/01/9999,570
P000000674,09/10/2009,01/01/9999,440
P000000675,09/10/2009,01/01/9999,590
P000000676,09/11/2009,01/01/9999,890
P000000677,09/11/2009,01/01/9999,2890
P000000678,09/11/2009,01/01/9999,2900
P000000679,09/11/2009,01/01/9999,1480
P000000680,09/12/2009,01/01/9999,2820
P000000681,09/12/2009,01/01/9999,3770
P000000682,09/13/2009,01/01/9999,3100
P000000683,09/13/2009,01/01/9999,2540
P000000684,09/14/2009,01/01/9999,1800
P000000685,09/14/2009,01/01/9999,2960
P000000686,09/14/2009,01/01/9999,8750
P000000687,09/15/2009,01/01/9999,6140
P000000688,09/15/2009,01/01/9999,8300
P000000689,09/15/2009,01/01/9999,7130
P000000690,09/16/2009,01/01/9999,1800
P000000691,09/16/2009,01/01/9999,6700
P000000692,09/17/2009,01/01/9999,5920
P000000693,09/19/2009,01/01/9999,6600
P000000694,09/19/2009,01/01/9999,5200
P000000695,09/19/2009,01/01/9999,4320
P000000696,09/20/2009,01/01/9999,4700
P000000697,09/21/2009,01/01/9999,420
P000000698,09/21/2009,01/01/9999,420
P000000699,09/22/2009,01/01/9999,530
P000000700,09/23/2009,01/01/9999,260
P000000701,09/24/2009,01/01/9999,210
P000000702,09/24/2009,01/01/9999,250
P000000703,09/24/2009,01/01/9999,130
P000000704,09/25/2009,01/01/9999,280
P000000705,09/25/2009,01/01/9999,240
P000000706,09/26/2009,01/01/9999,870
P000000707,09/26/2009,01/01/9999,260
P000000708,09/26/2009,01/01/9999,860
P000000709,09/28/2009,01/01/9999,590
P000000710,09/28/2009,01/01/9999,360
P000000711,09/29/2009,01/01/9999,260
P000000712,09/29/2009,01/01/9999,630
P000000713,09/30/2009,01/01/9999,470
P000000714,09/30/2009,01/01/9999,540
P000000715,09/30/2009,01/01/9999,5100
P000000716,10/02/2009,01/01/9999,740
P000000717,10/02/2009,01/01/9999,290
P000000718,10/02/2009,01/01/9999,570
P000000719,10/02/2009,01/01/9999,430
P000000720,10/02/2009,01/01/9999,980
P000000721,10/03/2009,01/01/9999,330
P000000722,10/03/2009,01/01/9999,580
P000000723,10/04/2009,01/01/9999,840
P000000724,10/04/2009,01/01/9999,250
P000000725,10/05/2009,01/01/9999,810
P000000726,10/05/2009,01/01/9999,800
P000000727,10/06/2009,01/01/9999,350
P000000728,10/06/2009,01/01/9999,300
P000000729,10/06/2009,01/01/9999,840
P000000730,10/07/2009,01/01/9999,490
P000000731,10/08/2009,01/01/9999,780
P000000732,10/08/2009,01/01/9999,420
P000000733,10/09/2009,01/01/9999,940
P000000734,10/09/2009,01/01/9999,810
P000000735,10/09/2009,01/01/9999,680
P000000736,10/10/2009,01/01/9999,840
P000000737,10/10/2009,01/01/9999,370
P000000738,10/10/2009,01/01/9999,550
P000000739,10/10/2009,01/01/9999,350
P000000740,10/10/2009,01/01/9999,830
P000000741,10/11/2009,01/01/9999,570
P000000742,10/11/2009,01/01/9999,810
P000000743,10/11/2009,01/01/9999,1500
P000000744,10/11/2009,01/01/9999,630
P000000745,10/12/2009,01/01/9999,830
P000000746,10/12/2009,01/01/9999,690
P000000747,10/13/2009,01/01/9999,310
P000000748,10/13/2009,01/01/9999,770
P000000749,10/13/2009,01/01/9999,470
P000000750,10/13/2009,01/01/9999,940
P000000751,10/13/2009,01/01/9999,650
P000000752,10/15/2009,01/01/9999,480
P000000753,10/15/2009,01/01/9999,1000
P000000754,10/15/2009,01/01/9999,930
P000000755,10/16/2009,01/01/9999,1000
P000000756,10/16/2009,01/01/9999,730
P000000757,10/17/2009,01/01/9999,1240
P000000758,10/18/2009,01/01/9999,770
P000000759,10/18/2009,01/01/9999,660
P000000760,10/18/2009,01/01/9999,350
P000000761,10/18/2009,01/01/9999,940
P000000762,10/19/2009,01/01/9999,600
P000000763,10/19/2009,01/01/9999,480
P000000764,10/20/2009,01/01/9999,240
P000000765,10/20/2009,01/01/9999,160
P000000766,10/20/2009,01/01/9999,340
P000000767,10/20/2009,01/01/9999,170
P000000768,10/20/2009,01/01/9999,830
P000000769,10/20/2009,01/01/9999,170
P000000770,10/20/2009,01/01/9999,790
P000000771,10/21/2009,01/01/9999,890
P000000772,10/22/2009,01/01/9999,760
P000000773,10/22/2009,01/01/9999,1600
P000000774,10/23/2009,01/01/9999,1400
P000000775,10/23/2009,01/01/9999,1570
P000000776,10/23/2009,01/01/9999,1530
P000000777,10/23/2009,01/01/9999,4910
P000000778,10/24/2009,01/01/9999,3300
P000000779,10/25/2009,01/01/9999,9600
P000000780,10/25/2009,01/01/9999,6400
P000000781,10/26/2009,01/01/9999,5800
P000000782,10/26/2009,01/01/9999,20000
P000000783,10/27/2009,01/01/9999,12000
P000000784,10/28/2009,01/01/9999,13100
P000000785,10/28/2009,01/01/9999,16250
P000000786,10/28/2009,01/01/9999,15600
P000000787,10/29/2009,01/01/9999,9980
P000000788,10/29/2009,01/01/9999,7700
P000000789,10/30/2009,01/01/9999,4000
P000000790,10/30/2009,01/01/9999,4490
P000000791,10/30/2009,01/01/9999,3600
P000000792,10/31/2009,01/01/9999,3310
P000000793,11/01/2009,01/01/9999,5000
P000000794,11/01/2009,01/01/9999,6520
P000000795,11/02/2009,01/01/9999,4170
P000000796,11/02/2009,01/01/9999,4500
P000000797,11/02/2009,01/01/9999,8400
P000000798,11/02/2009,01/01/9999,9500
P000000799,11/02/2009,01/01/9999,4410
P000000800,11/02/2009,01/01/9999,2610
P000000801,11/03/2009,01/01/9999,8920
P000000802,11/03/2009,01/01/9999,9000
P000000803,11/03/2009,01/01/9999,2850
P000000804,11/03/2009,01/01/9999,2580
P000000805,11/04/2009,01/01/9999,2880
P000000806,11/04/2009,01/01/9999,2410
P000000807,11/04/2009,01/01/9999,2700
P000000808,11/05/2009,01/01/9999,2180
P000000809,11/05/2009,01/01/9999,8500
P000000810,11/05/2009,01/01/9999,2370
P000000811,11/05/2009,01/01/9999,3700
P000000812,11/05/2009,01/01/9999,4600
P000000813,11/05/2009,01/01/9999,1300
P000000814,11/05/2009,01/01/9999,8500
P000000815,11/06/2009,01/01/9999,6950
P000000816,11/06/2009,01/01/9999,7610
P000000817,11/06/2009,01/01/9999,7590
P000000818,11/07/2009,01/01/9999,7900
P000000819,11/07/2009,01/01/9999,5600
P000000820,11/08/2009,01/01/9999,3900
P000000821,11/09/2009,01/01/9999,4200
P000000822,11/09/2009,01/01/9999,540
P000000823,11/12/2009,01/01/9999,1360
P000000824,11/12/2009,01/01/9999,2590
P000000825,11/12/2009,01/01/9999,2960
P000000826,11/13/2009,01/01/9999,2410
P000000827,11/14/2009,01/01/9999,6800
P000000828,11/14/2009,01/01/9999,1650
P000000829,11/14/2009,01/01/9999,1300
P000000830,11/14/2009,01/01/9999,1200
P000000831,11/15/2009,01/01/9999,1490
P000000832,11/15/2009,01/01/9999,1770
P000000833,11/15/2009,01/01/9999,1610
P000000834,11/15/2009,01/01/9999,1810
P000000835,11/16/2009,01/01/9999,1320
P000000836,11/16/2009,01/01/9999,1360
P000000837,11/16/2009,01/01/9999,1590
P000000838,11/17/2009,01/01/9999,3600
P000000839,11/17/2009,01/01/9999,2990
P000000840,11/17/2009,01/01/9999,2750
P000000841,11/18/2009,01/01/9999,2390
P000000842,11/18/2009,01/01/9999,2810
P000000843,11/18/2009,01/01/9999,2590
P000000844,11/19/2009,01/01/9999,2430
P000000845,11/19/2009,01/01/9999,2430
P000000846,11/20/2009,01/01/9999,700
P000000847,11/20/2009,01/01/9999,4840
P000000848,11/22/2009,01/01/9999,5900
P000000849,11/22/2009,01/01/9999,6300
P000000850,11/22/2009,01/01/9999,6700
P000000851,11/23/2009,01/01/9999,8200
P000000852,11/23/2009,01/01/9999,9500
P000000853,11/23/2009,01/01/9999,3600
P000000854,11/24/2009,01/01/9999,6200
P000000855,11/24/2009,01/01/9999,3100
P000000856,11/25/2009,01/01/9999,7200
P000000857,11/25/2009,01/01/9999,7000
P000000858,11/25/2009,01/01/9999,4570
P000000859,11/25/2009,01/01/9999,12280
P000000860,11/25/2009,01/01/9999,180
P000000861,11/27/2009,01/01/9999,26720
P000000862,11/27/2009,01/01/9999,10000
P000000863,11/28/2009,01/01/9999,15100
P000000864,11/29/2009,01/01/9999,4700
P000000865,11/29/2009,01/01/9999,15800
P000000866,11/29/2009,01/01/9999,12880
P000000867,11/29/2009,01/01/9999,12270
P000000868,11/29/2009,01/01/9999,6100
P000000869,12/01/2009,01/01/9999,6200
P000000870,12/01/2009,01/01/9999,7890
P000000871,12/01/2009,01/01/9999,7550
P000000872,12/02/2009,01/01/9999,8700
P000000873,12/03/2009,01/01/9999,8400
P000000874,12/04/2009,01/01/9999,8200
P000000875,12/04/2009,01/01/9999,9440
P000000876,12/04/2009,01/01/9999,9800
P000000877,12/04/2009,01/01/9999,9780
P000000878,12/05/2009,01/01/9999,840
P000000879,12/05/2009,01/01/9999,970
P000000880,12/05/2009,01/01/9999,420
P000000881,12/05/2009,01/01/9999,900
P000000882,12/05/2009,01/01/9999,540
P000000883,12/06/2009,01/01/9999,1500
P000000884,12/06/2009,01/01/9999,1170
P000000885,12/07/2009,01/01/9999,1200
P000000886,12/07/2009,01/01/9999,1940
P000000887,12/08/2009,01/01/9999,1790
P000000888,12/08/2009,01/01/9999,830
P000000889,12/08/2009,01/01/9999,410
P000000890,12/09/2009,01/01/9999,650
P000000891,12/09/2009,01/01/9999,350
P000000892,12/10/2009,01/01/9999,430
P000000893,12/10/2009,01/01/9999,900
P000000894,12/10/2009,01/01/9999,770
P000000895,12/10/2009,01/01/9999,650
P000000896,12/10/2009,01/01/9999,860
P000000897,12/11/2009,01/01/9999,780
P000000898,12/11/2009,01/01/9999,250
P000000899,12/11/2009,01/01/9999,240
P000000900,12/11/2009,01/01/9999,240
P000000901,12/12/2009,01/01/9999,250
P000000902,12/12/2009,01/01/9999,210
P000000903,12/12/2009,01/01/9999,330
P000000904,12/12/2009,01/01/9999,320
P000000905,12/12/2009,01/01/9999,330
P000000906,12/13/2009,01/01/9999,320
P000000907,12/13/2009,01/01/9999,340
P000000908,12/13/2009,01/01/9999,110
P000000909,12/14/2009,01/01/9999,150
P000000910,12/14/2009,01/01/9999,190
P000000911,12/14/2009,01/01/9999,270
P000000912,12/15/2009,01/01/9999,270
P000000913,12/17/2009,01/01/9999,930
P000000914,12/17/2009,01/01/9999,990
P000000915,12/17/2009,01/01/9999,840
P000000916,12/18/2009,01/01/9999,820
P000000917,12/19/2009,01/01/9999,890
P000000918,12/19/2009,01/01/9999,270
P000000919,12/20/2009,01/01/9999,310
P000000920,12/20/2009,01/01/9999,390
P000000921,12/21/2009,01/01/9999,260
P000000922,12/22/2009,01/01/9999,280
P000000923,12/22/2009,01/01/9999,2900
P000000924,12/22/2009,01/01/9999,2740
P000000925,12/23/2009,01/01/9999,2700
P000000926,12/23/2009,01/01/9999,2440
P000000927,12/24/2009,01/01/9999,2810
P000000928,12/25/2009,01/01/9999,480
P000000929,12/25/2009,01/01/9999,490
P000000930,12/25/2009,01/01/9999,470
P000000931,12/26/2009,01/01/9999,520
P000000932,12/26/2009,01/01/9999,490
P000000933,12/27/2009,01/01/9999,690
P000000934,12/27/2009,01/01/9999,680
P000000935,12/27/2009,01/01/9999,650
P000000936,12/28/2009,01/01/9999,630
P000000937,12/28/2009,01/01/9999,660
P000000938,12/29/2009,01/01/9999,1290
P000000939,12/29/2009,01/01/9999,1540
P000000940,12/29/2009,01/01/9999,1430
P000000941,12/30/2009,01/01/9999,1400
P000000942,12/30/2009,01/01/9999,1840
P000000943,12/30/2009,01/01/9999,2300
P000000944,12/30/2009,01/01/9999,1540
P000000945,12/30/2009,01/01/9999,1690
P000000946,12/31/2009,01/01/9999,1650
P000000947,12/31/2009,01/01/9999,1900
P000000948,12/31/2009,01/01/9999,1590
P000000949,12/31/2009,01/01/9999,2840
P000000950,01/01/2010,01/01/9999,1600
P000000951,01/01/2010,01/01/9999,1360
P000000952,01/02/2010,01/01/9999,1230
P000000953,01/03/2010,01/01/9999,7800
P000000954,01/03/2010,01/01/9999,5610
P000000955,01/03/2010,01/01/9999,4260
P000000956,01/04/2010,01/01/9999,5760
P000000957,01/04/2010,01/01/9999,2500
P000000958,01/04/2010,01/01/9999,6690
P000000959,01/05/2010,01/01/9999,5690
P000000960,01/05/2010,01/01/9999,6140
P000000961,01/06/2010,01/01/9999,3300
P000000962,01/06/2010,01/01/9999,7100
P000000963,01/07/2010,01/01/9999,950
P000000964,01/07/2010,01/01/9999,800
P000000965,01/07/2010,01/01/9999,730
P000000966,01/07/2010,01/01/9999,890
P000000967,01/07/2010,01/01/9999,690
P000000968,01/10/2010,01/01/9999,630
P000000969,01/10/2010,01/01/9999,740
P000000970,01/10/2010,01/01/9999,690
P000000971,01/10/2010,01/01/9999,770
P000000972,01/11/2010,01/01/9999,450
P000000973,01/11/2010,01/01/9999,880
P000000974,01/11/2010,01/01/9999,830
P000000975,01/11/2010,01/01/9999,810
P000000976,01/11/2010,01/01/9999,850
P000000977,01/12/2010,01/01/9999,760
P000000978,01/12/2010,01/01/9999,420
P000000979,01/12/2010,01/01/9999,500
P000000980,01/13/2010,01/01/9999,790
P000000981,01/13/2010,01/01/9999,490
P000000982,01/14/2010,01/01/9999,560
P000000983,01/14/2010,01/01/9999,2870
P000000984,01/14/2010,01/01/9999,2620
P000000985,01/15/2010,01/01/9999,2880
P000000986,01/16/2010,01/01/9999,2970
P000000987,01/16/2010,01/01/9999,2610
P000000988,01/17/2010,01/01/9999,520
P000000989,01/18/2010,01/01/9999,610
P000000990,01/18/2010,01/01/9999,530
P000000991,01/18/2010,01/01/9999,1850
P000000992,01/18/2010,01/01/9999,1300
P000000993,01/19/2010,01/01/9999,1310
P000000994,01/19/2010,01/01/9999,1610
P000000995,01/19/2010,01/01/9999,1130
P000000996,01/20/2010,01/01/9999,1280
P000000997,01/20/2010,01/01/9999,1580
P000000998,01/20/2010,01/01/9999,1930
P000000999,01/21/2010,01/01/9999,1500
P000001000,01/22/2010,01/01/9999,1540
P000001001,01/22/2010,01/01/9999,1240
P000001002,01/24/2010,01/01/9999,1420
P000001003,01/24/2010,01/01/9999,1560
P000001004,01/25/2010,01/01/9999,790
P000001005,01/25/2010,01/01/9999,840
P000001006,01/27/2010,01/01/9999,640
P000001007,01/29/2010,01/01/9999,1370
P000001008,01/30/2010,01/01/9999,540
P000001009,01/30/2010,01/01/9999,660
P000001010,01/31/2010,01/01/9999,690
P000001011,02/01/2010,01/01/9999,490
P000001012,02/01/2010,01/01/9999,440
P000001013,02/01/2010,01/01/9999,480
P000001014,02/01/2010,01/01/9999,440
P000001015,02/01/2010,01/01/9999,520
P000001016,02/01/2010,01/01/9999,140
P000001017,02/02/2010,01/01/9999,250
P000001018,02/02/2010,01/01/9999,220
P000001019,02/04/2010,01/01/9999,110
P000001020,02/04/2010,01/01/9999,120
P000001021,02/04/2010,01/01/9999,100
P000001022,02/05/2010,01/01/9999,170
P000001023,02/05/2010,01/01/9999,130
P000001024,02/05/2010,01/01/9999,160
P000001025,02/06/2010,01/01/9999,130
P000001026,02/07/2010,01/01/9999,200
P000001027,02/07/2010,01/01/9999,210
P000001028,02/07/2010,01/01/9999,260
P000001029,02/08/2010,01/01/9999,290
P000001030,02/08/2010,01/01/9999,280
P000001031,02/08/2010,01/01/9999,120
P000001032,02/09/2010,01/01/9999,930
P000001033,02/09/2010,01/01/9999,420
P000001034,02/09/2010,01/01/9999,750
P000001035,02/09/2010,01/01/9999,630
P000001036,02/10/2010,01/01/9999,820
P000001037,02/10/2010,01/01/9999,1150
P000001038,02/10/2010,01/01/9999,1340
P000001039,02/11/2010,01/01/9999,780
P000001040,02/11/2010,01/01/9999,1180
P000001041,02/12/2010,01/01/9999,130
P000001042,02/12/2010,01/01/9999,190
P000001043,02/12/2010,01/01/9999,210
P000001044,02/12/2010,01/01/9999,260
P000001045,02/13/2010,01/01/9999,240
P000001046,02/14/2010,01/01/9999,24840
P000001047,02/15/2010,01/01/9999,18070
P000001048,02/15/2010,01/01/9999,17870
P000001049,02/15/2010,01/01/9999,11840
P000001050,02/16/2010,01/01/9999,11750
P000001051,02/17/2010,01/01/9999,740
P000001052,02/17/2010,01/01/9999,820
P000001053,02/18/2010,01/01/9999,710
P000001054,02/18/2010,01/01/9999,810
P000001055,02/18/2010,01/01/9999,850
P000001056,02/19/2010,01/01/9999,7860
P000001057,02/20/2010,01/01/9999,3210
P000001058,02/20/2010,01/01/9999,4100
P000001059,02/21/2010,01/01/9999,1160
P000001060,02/21/2010,01/01/9999,430
P000001061,02/22/2010,01/01/9999,630
P000001062,02/22/2010,01/01/9999,570
P000001063,02/22/2010,01/01/9999,850
P000001064,02/22/2010,01/01/9999,790
P000001065,02/23/2010,01/01/9999,780
P000001066,02/23/2010,01/01/9999,560
P000001067,02/25/2010,01/01/9999,990
P000001068,02/26/2010,01/01/9999,1280
P000001069,02/26/2010,01/01/9999,720
P000001070,02/26/2010,01/01/9999,760
P000001071,02/27/2010,01/01/9999,940
P000001072,02/27/2010,01/01/9999,710
P000001073,02/28/2010,01/01/9999,1310
P000001074,02/28/2010,01/01/9999,790
P000001075,03/01/2010,01/01/9999,760
P000001076,03/01/2010,01/01/9999,960
P000001077,03/01/2010,01/01/9999,980
P000001078,03/01/2010,01/01/9999,880
P000001079,03/02/2010,01/01/9999,920
P000001080,03/03/2010,01/01/9999,750
P000001081,03/03/2010,01/01/9999,4100
P000001082,03/04/2010,01/01/9999,2600
P000001083,03/05/2010,01/01/9999,4870
P000001084,03/05/2010,01/01/9999,6300
P000001085,03/05/2010,01/01/9999,7600
P000001086,03/05/2010,01/01/9999,2600
P000001087,03/06/2010,01/01/9999,4700
P000001088,03/06/2010,01/01/9999,5200
P000001089,03/06/2010,01/01/9999,5500
P000001090,03/07/2010,01/01/9999,2200
P000001091,03/07/2010,01/01/9999,2100
P000001092,03/07/2010,01/01/9999,3800
P000001093,03/08/2010,01/01/9999,3200
P000001094,03/08/2010,01/01/9999,3000
P000001095,03/09/2010,01/01/9999,4600
P000001096,03/09/2010,01/01/9999,3600
P000001097,03/09/2010,01/01/9999,3140
P000001098,03/09/2010,01/01/9999,3510
P000001099,03/10/2010,01/01/9999,3430
P000001100,03/10/2010,01/01/9999,3490
P000001101,03/10/2010,01/01/9999,8800
P000001102,03/11/2010,01/01/9999,5300
P000001103,03/11/2010,01/01/9999,5700
P000001104,03/11/2010,01/01/9999,5170
P000001105,03/11/2010,01/01/9999,6100
P000001106,03/12/2010,01/01/9999,1200
P000001107,03/12/2010,01/01/9999,2500
P000001108,03/13/2010,01/01/9999,1980
P000001109,03/13/2010,01/01/9999,1440
P000001110,03/13/2010,01/01/9999,1540
P000001111,03/13/2010,01/01/9999,580
P000001112,03/13/2010,01/01/9999,440
P000001113,03/15/2010,01/01/9999,420
P000001114,03/15/2010,01/01/9999,440
P000001115,03/15/2010,01/01/9999,420
P000001116,03/16/2010,01/01/9999,510
P000001117,03/17/2010,01/01/9999,670
P000001118,03/17/2010,01/01/9999,590
P000001119,03/17/2010,01/01/9999,590
P000001120,03/18/2010,01/01/9999,660
P000001121,03/19/2010,01/01/9999,440
P000001122,03/19/2010,01/01/9999,280
P000001123,03/19/2010,01/01/9999,380
P000001124,03/19/2010,01/01/9999,220
P000001125,03/20/2010,01/01/9999,340
P000001126,03/20/2010,01/01/9999,2350
P000001127,03/21/2010,01/01/9999,1880
P000001128,03/21/2010,01/01/9999,1520
P000001129,03/21/2010,01/01/9999,2110
P000001130,03/23/2010,01/01/9999,2750
P000001131,03/23/2010,01/01/9999,300
P000001132,03/23/2010,01/01/9999,240
P000001133,03/24/2010,01/01/9999,400
P000001134,03/25/2010,01/01/9999,710
P000001135,03/25/2010,01/01/9999,600
P000001136,03/26/2010,01/01/9999,270
P000001137,03/27/2010,01/01/9999,120
P000001138,03/27/2010,01/01/9999,320
P000001139,03/27/2010,01/01/9999,420
P000001140,03/28/2010,01/01/9999,270
P000001141,03/28/2010,01/01/9999,760
P000001142,03/29/2010,01/01/9999,650
P000001143,03/29/2010,01/01/9999,840
P000001144,03/29/2010,01/01/9999,920
P000001145,03/30/2010,01/01/9999,320
P000001146,03/30/2010,01/01/9999,860
P000001147,03/31/2010,01/01/9999,780
P000001148,04/01/2010,01/01/9999,1000
P000001149,04/01/2010,01/01/9999,1290
P000001150,04/02/2010,01/01/9999,1860
P000001151,04/02/2010,01/01/9999,2600
P000001152,04/02/2010,01/01/9999,2200
P000001153,04/03/2010,01/01/9999,2850
P000001154,04/03/2010,01/01/9999,2650
P000001155,04/04/2010,01/01/9999,550
P000001156,04/04/2010,01/01/9999,580
P000001157,04/04/2010,01/01/9999,780
P000001158,04/05/2010,01/01/9999,640
P000001159,04/05/2010,01/01/9999,600
P000001160,04/06/2010,01/01/9999,520
P000001161,04/06/2010,01/01/9999,560
P000001162,04/06/2010,01/01/9999,520
P000001163,04/07/2010,01/01/9999,410
P000001164,04/08/2010,01/01/9999,570
P000001165,04/08/2010,01/01/9999,760
P000001166,04/08/2010,01/01/9999,520
P000001167,04/08/2010,01/01/9999,750
P000001168,04/08/2010,01/01/9999,600
P000001169,04/09/2010,01/01/9999,330
P000001170,04/11/2010,01/01/9999,4250
P000001171,04/11/2010,01/01/9999,4930
P000001172,04/12/2010,01/01/9999,6640
P000001173,04/12/2010,01/01/9999,7600
P000001174,04/12/2010,01/01/9999,4600
P000001175,04/12/2010,01/01/9999,1890
P000001176,04/12/2010,01/01/9999,1950
P000001177,04/13/2010,01/01/9999,1670
P000001178,04/14/2010,01/01/9999,1890
P000001179,04/14/2010,01/01/9999,1320
P000001180,04/14/2010,01/01/9999,4600
P000001181,04/15/2010,01/01/9999,5130
P000001182,04/16/2010,01/01/9999,3500
P000001183,04/16/2010,01/01/9999,4900
P000001184,04/17/2010,01/01/9999,3400
P000001185,04/17/2010,01/01/9999,7000
P000001186,04/17/2010,01/01/9999,5200
P000001187,04/17/2010,01/01/9999,8000
P000001188,04/17/2010,01/01/9999,9100
P000001189,04/17/2010,01/01/9999,9900
P000001190,04/17/2010,01/01/9999,18810
P000001191,04/18/2010,01/01/9999,12810
P000001192,04/19/2010,01/01/9999,13200
P000001193,04/19/2010,01/01/9999,18450
P000001194,04/19/2010,01/01/9999,11410
P000001195,04/20/2010,01/01/9999,14900
P000001196,04/20/2010,01/01/9999,13500
P000001197,04/20/2010,01/01/9999,11800
P000001198,04/20/2010,01/01/9999,11260
P000001199,04/21/2010,01/01/9999,11230
P000001200,04/21/2010,01/01/9999,3920
P000001201,04/21/2010,01/01/9999,3800
P000001202,04/21/2010,01/01/9999,4600
P000001203,04/22/2010,01/01/9999,4100
P000001204,04/22/2010,01/01/9999,4270
P000001205,04/22/2010,01/01/9999,3570
P000001206,04/22/2010,01/01/9999,3720
P000001207,04/23/2010,01/01/9999,3850
P000001208,04/23/2010,01/01/9999,3370
P000001209,04/24/2010,01/01/9999,3300
P000001210,04/24/2010,01/01/9999,600
P000001211,04/24/2010,01/01/9999,600
P000001212,04/25/2010,01/01/9999,690
P000001213,04/25/2010,01/01/9999,680
P000001214,04/26/2010,01/01/9999,620
P000001215,04/26/2010,01/01/9999,530
P000001216,04/27/2010,01/01/9999,560
P000001217,04/28/2010,01/01/9999,420
P000001218,04/28/2010,01/01/9999,360
P000001219,04/29/2010,01/01/9999,780
P000001220,04/29/2010,01/01/9999,1680
P000001221,04/30/2010,01/01/9999,1850
P000001222,04/30/2010,01/01/9999,2100
P000001223,04/30/2010,01/01/9999,1510
P000001224,04/30/2010,01/01/9999,1700
P000001225,04/30/2010,01/01/9999,1420
P000001226,05/01/2010,01/01/9999,1000
P000001227,05/01/2010,01/01/9999,1280
P000001228,05/01/2010,01/01/9999,1370
P000001229,05/01/2010,01/01/9999,1500
P000001230,05/02/2010,01/01/9999,1900
P000001231,05/03/2010,01/01/9999,1520
P000001232,05/03/2010,01/01/9999,1650
P000001233,05/03/2010,01/01/9999,1730
P000001234,05/04/2010,01/01/9999,1880
P000001235,05/04/2010,01/01/9999,4730
P000001236,05/04/2010,01/01/9999,4590
P000001237,05/04/2010,01/01/9999,4760
P000001238,05/04/2010,01/01/9999,4320
P000001239,05/04/2010,01/01/9999,4890
P000001240,05/05/2010,01/01/9999,1360
P000001241,05/05/2010,01/01/9999,1340
P000001242,05/05/2010,01/01/9999,1390
P000001243,05/05/2010,01/01/9999,1360
P000001244,05/06/2010,01/01/9999,1360
P000001245,05/06/2010,01/01/9999,600
P000001246,05/06/2010,01/01/9999,650
P000001247,05/06/2010,01/01/9999,650
P000001248,05/06/2010,01/01/9999,660
P000001249,05/06/2010,01/01/9999,660
P000001250,05/06/2010,01/01/9999,1310
P000001251,05/06/2010,01/01/9999,1370
P000001252,05/06/2010,01/01/9999,650
P000001253,05/08/2010,01/01/9999,660
P000001254,05/08/2010,01/01/9999,610
P000001255,05/09/2010,01/01/9999,650
P000001256,05/10/2010,01/01/9999,630
P000001257,05/10/2010,01/01/9999,480
P000001258,05/10/2010,01/01/9999,470
P000001259,05/10/2010,01/01/9999,480
P000001260,05/10/2010,01/01/9999,470
P000001261,05/11/2010,01/01/9999,540
P000001262,05/11/2010,01/01/9999,490
P000001263,05/12/2010,01/01/9999,490
P000001264,05/12/2010,01/01/9999,490
P000001265,05/12/2010,01/01/9999,1970
P000001266,05/12/2010,01/01/9999,1880
P000001267,05/13/2010,01/01/9999,1890
P000001268,05/13/2010,01/01/9999,2270
P000001269,05/13/2010,01/01/9999,2500
P000001270,05/14/2010,01/01/9999,6910
P000001271,05/14/2010,01/01/9999,6830
P000001272,05/15/2010,01/01/9999,7370
P000001273,05/15/2010,01/01/9999,7470
P000001274,05/15/2010,01/01/9999,6810
P000001275,05/16/2010,01/01/9999,3840
P000001276,05/17/2010,01/01/9999,3460
P000001277,05/17/2010,01/01/9999,3200
P000001278,05/17/2010,01/01/9999,3830
P000001279,05/17/2010,01/01/9999,3630
P000001280,05/17/2010,01/01/9999,1550
P000001281,05/17/2010,01/01/9999,1080
P000001282,05/17/2010,01/01/9999,1400
P000001283,05/18/2010,01/01/9999,1180
P000001284,05/19/2010,01/01/9999,1630
P000001285,05/19/2010,01/01/9999,2670
P000001286,05/20/2010,01/01/9999,2600
P000001287,05/21/2010,01/01/9999,2170
P000001288,05/21/2010,01/01/9999,2060
P000001289,05/22/2010,01/01/9999,2870
P000001290,05/22/2010,01/01/9999,9270
P000001291,05/22/2010,01/01/9999,9100
P000001292,05/23/2010,01/01/9999,9500
P000001293,05/24/2010,01/01/9999,9410
P000001294,05/24/2010,01/01/9999,9380
P000001295,05/25/2010,01/01/9999,500
P000001296,05/25/2010,01/01/9999,480
P000001297,05/25/2010,01/01/9999,480
P000001298,05/25/2010,01/01/9999,480
P000001299,05/25/2010,01/01/9999,480
P000001300,05/25/2010,01/01/9999,500
P000001301,05/26/2010,01/01/9999,510
P000001302,05/26/2010,01/01/9999,410
P000001303,05/27/2010,01/01/9999,460
P000001304,05/27/2010,01/01/9999,490
P000001305,05/27/2010,01/01/9999,1200
P000001306,05/27/2010,01/01/9999,1990
P000001307,05/28/2010,01/01/9999,1960
P000001308,05/28/2010,01/01/9999,1630
P000001309,05/28/2010,01/01/9999,1560
P000001310,05/28/2010,01/01/9999,4950
P000001311,05/28/2010,01/01/9999,4670
P000001312,05/28/2010,01/01/9999,4850
P000001313,05/29/2010,01/01/9999,4960
P000001314,05/29/2010,01/01/9999,4990
P000001315,05/29/2010,01/01/9999,3780
P000001316,05/29/2010,01/01/9999,4250
P000001317,05/30/2010,01/01/9999,4200
P000001318,05/30/2010,01/01/9999,3900
P000001319,05/30/2010,01/01/9999,3800
P000001320,05/31/2010,01/01/9999,6460
P000001321,06/02/2010,01/01/9999,6260
P000001322,06/03/2010,01/01/9999,6130
P000001323,06/03/2010,01/01/9999,5890
P000001324,06/04/2010,01/01/9999,5940
P000001325,06/04/2010,01/01/9999,990
P000001326,06/04/2010,01/01/9999,830
P000001327,06/05/2010,01/01/9999,890
P000001328,06/05/2010,01/01/9999,820
P000001329,06/05/2010,01/01/9999,900
P000001330,06/06/2010,01/01/9999,190
P000001331,06/06/2010,01/01/9999,190
P000001332,06/07/2010,01/01/9999,180
P000001333,06/07/2010,01/01/9999,230
P000001334,06/07/2010,01/01/9999,320
P000001335,06/07/2010,01/01/9999,260
P000001336,06/08/2010,01/01/9999,270
P000001337,06/08/2010,01/01/9999,370
P000001338,06/09/2010,01/01/9999,180
P000001339,06/10/2010,01/01/9999,220
P000001340,06/10/2010,01/01/9999,170
P000001341,06/11/2010,01/01/9999,130
P000001342,06/11/2010,01/01/9999,110
P000001343,06/11/2010,01/01/9999,140
P000001344,06/11/2010,01/01/9999,110
P000001345,06/13/2010,01/01/9999,190
P000001346,06/13/2010,01/01/9999,190
P000001347,06/13/2010,01/01/9999,180
P000001348,06/13/2010,01/01/9999,180
P000001349,06/14/2010,01/01/9999,220
P000001350,06/15/2010,01/01/9999,350
P000001351,06/15/2010,01/01/9999,340
P000001352,06/15/2010,01/01/9999,320
P000001353,06/16/2010,01/01/9999,340
P000001354,06/17/2010,01/01/9999,380
P000001355,06/17/2010,01/01/9999,680
P000001356,06/19/2010,01/01/9999,720
P000001357,06/19/2010,01/01/9999,580
P000001358,06/19/2010,01/01/9999,720
P000001359,06/21/2010,01/01/9999,760
P000001360,06/21/2010,01/01/9999,100
P000001361,06/22/2010,01/01/9999,210
P000001362,06/22/2010,01/01/9999,130
P000001363,06/24/2010,01/01/9999,170
P000001364,06/25/2010,01/01/9999,90
P000001365,06/25/2010,01/01/9999,260
P000001366,06/25/2010,01/01/9999,190
P000001367,06/26/2010,01/01/9999,180
P000001368,06/27/2010,01/01/9999,260
P000001369,06/27/2010,01/01/9999,230
P000001370,06/27/2010,01/01/9999,690
P000001371,06/28/2010,01/01/9999,550
P000001372,06/28/2010,01/01/9999,640
P000001373,06/28/2010,01/01/9999,570
P000001374,06/28/2010,01/01/9999,480
P000001375,06/28/2010,01/01/9999,500
P000001376,06/29/2010,01/01/9999,600
P000001377,06/30/2010,01/01/9999,600
P000001378,07/01/2010,01/01/9999,720
P000001379,07/01/2010,01/01/9999,590
P000001380,07/01/2010,01/01/9999,350
P000001381,07/03/2010,01/01/9999,300
P000001382,07/03/2010,01/01/9999,190
P000001383,07/04/2010,01/01/9999,200
P000001384,07/04/2010,01/01/9999,140
P000001385,07/04/2010,01/01/9999,490
P000001386,07/04/2010,01/01/9999,490
P000001387,07/04/2010,01/01/9999,450
P000001388,07/05/2010,01/01/9999,460
P000001389,07/06/2010,01/01/9999,420
P000001390,07/06/2010,01/01/9999,440
P000001391,07/06/2010,01/01/9999,480
P000001392,07/06/2010,01/01/9999,430
P000001393,07/08/2010,01/01/9999,490
P000001394,07/08/2010,01/01/9999,440
P000001395,07/09/2010,01/01/9999,160
P000001396,07/09/2010,01/01/9999,100
P000001397,07/09/2010,01/01/9999,150
P000001398,07/09/2010,01/01/9999,160
P000001399,07/09/2010,01/01/9999,120
P000001400,07/10/2010,01/01/9999,490
P000001401,07/10/2010,01/01/9999,450
P000001402,07/12/2010,01/01/9999,410
P000001403,07/12/2010,01/01/9999,430
P000001404,07/12/2010,01/01/9999,380
P000001405,07/12/2010,01/01/9999,330
P000001406,07/12/2010,01/01/9999,240
P000001407,07/12/2010,01/01/9999,350
P000001408,07/13/2010,01/01/9999,290
P000001409,07/13/2010,01/01/9999,330
P000001410,07/14/2010,01/01/9999,270
P000001411,07/14/2010,01/01/9999,360
P000001412,07/14/2010,01/01/9999,340
P000001413,07/14/2010,01/01/9999,320
P000001414,07/15/2010,01/01/9999,340
P000001415,07/15/2010,01/01/9999,350
P000001416,07/16/2010,01/01/9999,900
P000001417,07/17/2010,01/01/9999,880
P000001418,07/17/2010,01/01/9999,790
P000001419,07/17/2010,01/01/9999,790
P000001420,07/18/2010,01/01/9999,660
P000001421,07/18/2010,01/01/9999,670
P000001422,07/18/2010,01/01/9999,550
P000001423,07/18/2010,01/01/9999,630
P000001424,07/18/2010,01/01/9999,590
P000001425,07/20/2010,01/01/9999,260
P000001426,07/20/2010,01/01/9999,280
P000001427,07/20/2010,01/01/9999,350
P000001428,07/21/2010,01/01/9999,300
P000001429,07/21/2010,01/01/9999,270
P000001430,07/21/2010,01/01/9999,300
P000001431,07/22/2010,01/01/9999,290
P000001432,07/22/2010,01/01/9999,250
P000001433,07/22/2010,01/01/9999,240
P000001434,07/23/2010,01/01/9999,270
P000001435,07/23/2010,01/01/9999,250
P000001436,07/23/2010,01/01/9999,200
P000001437,07/24/2010,01/01/9999,100
P000001438,07/24/2010,01/01/9999,190
P000001439,07/25/2010,01/01/9999,200
P000001440,07/25/2010,01/01/9999,120
P000001441,07/25/2010,01/01/9999,150
P000001442,07/25/2010,01/01/9999,170
P000001443,07/26/2010,01/01/9999,140
P000001444,07/26/2010,01/01/9999,150
P000001445,07/26/2010,01/01/9999,530
P000001446,07/26/2010,01/01/9999,550
P000001447,07/26/2010,01/01/9999,510
P000001448,07/27/2010,01/01/9999,420
P000001449,07/27/2010,01/01/9999,520
P000001450,07/28/2010,01/01/9999,330
P000001451,07/29/2010,01/01/9999,410
P000001452,07/30/2010,01/01/9999,380
P000001453,07/30/2010,01/01/9999,560
P000001454,07/31/2010,01/01/9999,1220
P000001455,07/31/2010,01/01/9999,320
P000001456,07/31/2010,01/01/9999,220
P000001457,07/31/2010,01/01/9999,250
P000001458,08/01/2010,01/01/9999,300
P000001459,08/01/2010,01/01/9999,260
P000001460,08/02/2010,01/01/9999,770
P000001461,08/02/2010,01/01/9999,1540
P000001462,08/03/2010,01/01/9999,390
P000001463,08/03/2010,01/01/9999,350
P000001464,08/04/2010,01/01/9999,360
P000001465,08/04/2010,01/01/9999,70
P000001466,08/04/2010,01/01/9999,90
P000001467,08/04/2010,01/01/9999,100
P000001468,08/05/2010,01/01/9999,80
P000001469,08/05/2010,01/01/9999,110
P000001470,08/06/2010,01/01/9999,160
P000001471,08/06/2010,01/01/9999,110
P000001472,08/06/2010,01/01/9999,170
P000001473,08/07/2010,01/01/9999,190
P000001474,08/08/2010,01/01/9999,150
P000001475,08/09/2010,01/01/9999,350
P000001476,08/09/2010,01/01/9999,350
P000001477,08/09/2010,01/01/9999,360
P000001478,08/09/2010,01/01/9999,370
P000001479,08/09/2010,01/01/9999,390
P000001480,08/09/2010,01/01/9999,360
P000001481,08/10/2010,01/01/9999,360
P000001482,08/11/2010,01/01/9999,390
P000001483,08/11/2010,01/01/9999,310
P000001484,08/13/2010,01/01/9999,230
P000001485,08/13/2010,01/01/9999,320
P000001486,08/13/2010,01/01/9999,220
P000001487,08/13/2010,01/01/9999,360
P000001488,08/13/2010,01/01/9999,410
P000001489,08/13/2010,01/01/9999,380
P000001490,08/13/2010,01/01/9999,440
P000001491,08/14/2010,01/01/9999,370
P000001492,08/14/2010,01/01/9999,360
P000001493,08/15/2010,01/01/9999,540
P000001494,08/15/2010,01/01/9999,530
P000001495,08/15/2010,01/01/9999,530
P000001496,08/15/2010,01/01/9999,520
P000001497,08/16/2010,01/01/9999,550
P000001498,08/17/2010,01/01/9999,480
P000001499,08/17/2010,01/01/9999,540
P000001500,08/17/2010,01/01/9999,620
P000001501,08/19/2010,01/01/9999,520
P000001502,08/19/2010,01/01/9999,540
P000001503,08/21/2010,01/01/9999,250
P000001504,08/21/2010,01/01/9999,260
P000001505,08/21/2010,01/01/9999,270
P000001506,08/22/2010,01/01/9999,290
P000001507,08/22/2010,01/01/9999,280
P000001508,08/23/2010,01/01/9999,190
P000001509,08/23/2010,01/01/9999,150
P000001510,08/23/2010,01/01/9999,140
P000001511,08/23/2010,01/01/9999,180
P000001512,08/24/2010,01/01/9999,230
P000001513,08/24/2010,01/01/9999,360
P000001514,08/24/2010,01/01/9999,410
P000001515,08/24/2010,01/01/9999,310
P000001516,08/24/2010,01/01/9999,380
P000001517,08/24/2010,01/01/9999,420
P000001518,08/24/2010,01/01/9999,370
P000001519,08/24/2010,01/01/9999,380
P000001520,08/25/2010,01/01/9999,430
P000001521,08/25/2010,01/01/9999,460
P000001522,08/26/2010,01/01/9999,260
P000001523,08/26/2010,01/01/9999,510
P000001524,08/26/2010,01/01/9999,530
P000001525,08/27/2010,01/01/9999,520
P000001526,08/28/2010,01/01/9999,560
P000001527,08/29/2010,01/01/9999,500
P000001528,08/29/2010,01/01/9999,540
P000001529,08/29/2010,01/01/9999,490
P000001530,08/31/2010,01/01/9999,400
P000001531,09/01/2010,01/01/9999,460
P000001532,09/01/2010,01/01/9999,500
P000001533,09/01/2010,01/01/9999,470
P000001534,09/01/2010,01/01/9999,480
P000001535,09/01/2010,01/01/9999,430
P000001536,09/02/2010,01/01/9999,530
P000001537,09/02/2010,01/01/9999,520
P000001538,09/03/2010,01/01/9999,470
P000001539,09/03/2010,01/01/9999,630
P000001540,09/03/2010,01/01/9999,580
P000001541,09/04/2010,01/01/9999,670
P000001542,09/04/2010,01/01/9999,510
P000001543,09/04/2010,01/01/9999,450
P000001544,09/04/2010,01/01/9999,420
P000001545,09/04/2010,01/01/9999,470
P000001546,09/05/2010,01/01/9999,560
P000001547,09/05/2010,01/01/9999,460
P000001548,09/05/2010,01/01/9999,660
P000001549,09/05/2010,01/01/9999,650
P000001550,09/05/2010,01/01/9999,670
P000001551,09/05/2010,01/01/9999,500
P000001552,09/06/2010,01/01/9999,620
P000001553,09/06/2010,01/01/9999,460
P000001554,09/06/2010,01/01/9999,490
P000001555,09/06/2010,01/01/9999,370
P000001556,09/07/2010,01/01/9999,350
P000001557,09/07/2010,01/01/9999,420
P000001558,09/08/2010,01/01/9999,370
P000001559,09/08/2010,01/01/9999,260
P000001560,09/08/2010,01/01/9999,520
P000001561,09/08/2010,01/01/9999,800
P000001562,09/08/2010,01/01/9999,550
P000001563,09/08/2010,01/01/9999,240
P000001564,09/08/2010,01/01/9999,850
P000001565,09/09/2010,01/01/9999,920
P000001566,09/09/2010,01/01/9999,290
P000001567,09/10/2010,01/01/9999,950
P000001568,09/11/2010,01/01/9999,540
P000001569,09/11/2010,01/01/9999,280
P000001570,09/12/2010,01/01/9999,290
P000001571,09/12/2010,01/01/9999,810
P000001572,09/13/2010,01/01/9999,1120
P000001573,09/13/2010,01/01/9999,1250
P000001574,09/13/2010,01/01/9999,1000
P000001575,09/13/2010,01/01/9999,1510
P000001576,09/13/2010,01/01/9999,1390
P000001577,09/13/2010,01/01/9999,1380
P000001578,09/13/2010,01/01/9999,1010
P000001579,09/13/2010,01/01/9999,1420
P000001580,09/14/2010,01/01/9999,1200
P000001581,09/14/2010,01/01/9999,1340
P000001582,09/15/2010,01/01/9999,750
P000001583,09/16/2010,01/01/9999,890
P000001584,09/16/2010,01/01/9999,640
P000001585,09/17/2010,01/01/9999,680
P000001586,09/17/2010,01/01/9999,920
P000001587,09/17/2010,01/01/9999,8460
P000001588,09/17/2010,01/01/9999,8260
P000001589,09/17/2010,01/01/9999,8200
P000001590,09/17/2010,01/01/9999,6100
P000001591,09/18/2010,01/01/9999,7480
P000001592,09/20/2010,01/01/9999,6770
P000001593,09/20/2010,01/01/9999,7440
P000001594,09/20/2010,01/01/9999,7290
P000001595,09/21/2010,01/01/9999,6450
P000001596,09/21/2010,01/01/9999,7130
P000001597,09/21/2010,01/01/9999,4150
P000001598,09/22/2010,01/01/9999,4320
P000001599,09/22/2010,01/01/9999,2920
P000001600,09/23/2010,01/01/9999,4000
P000001601,09/23/2010,01/01/9999,4630
P000001602,09/23/2010,01/01/9999,8730
P000001603,09/23/2010,01/01/9999,9030
P000001604,09/23/2010,01/01/9999,8790
P000001605,09/24/2010,01/01/9999,9430
P000001606,09/25/2010,01/01/9999,8530
P000001607,09/25/2010,01/01/9999,5600
P000001608,09/27/2010,01/01/9999,5480
P000001609,09/27/2010,01/01/9999,5350
P000001610,09/28/2010,01/01/9999,5810
P000001611,09/28/2010,01/01/9999,5680
P000001612,09/28/2010,01/01/9999,850
P000001613,09/28/2010,01/01/9999,750
P000001614,09/29/2010,01/01/9999,370
P000001615,09/29/2010,01/01/9999,470
P000001616,09/29/2010,01/01/9999,380
P000001617,09/29/2010,01/01/9999,660
P000001618,09/30/2010,01/01/9999,580
P000001619,09/30/2010,01/01/9999,630
P000001620,09/30/2010,01/01/9999,590
P000001621,10/01/2010,01/01/9999,660
P000001622,10/02/2010,01/01/9999,1190
P000001623,10/03/2010,01/01/9999,1020
P000001624,10/03/2010,01/01/9999,1120
P000001625,10/04/2010,01/01/9999,980
P000001626,10/04/2010,01/01/9999,1400
P000001627,10/04/2010,01/01/9999,1000
P000001628,10/04/2010,01/01/9999,730
P000001629,10/04/2010,01/01/9999,660
P000001630,10/05/2010,01/01/9999,650
P000001631,10/06/2010,01/01/9999,710
P000001632,10/07/2010,01/01/9999,300
P000001633,10/07/2010,01/01/9999,310
P000001634,10/07/2010,01/01/9999,280
P000001635,10/07/2010,01/01/9999,330
P000001636,10/10/2010,01/01/9999,240
P000001637,10/10/2010,01/01/9999,400
P000001638,10/10/2010,01/01/9999,430
P000001639,10/10/2010,01/01/9999,640
P000001640,10/11/2010,01/01/9999,590
P000001641,10/11/2010,01/01/9999,370
P000001642,10/11/2010,01/01/9999,940
P000001643,10/11/2010,01/01/9999,810
P000001644,10/11/2010,01/01/9999,1050
P000001645,10/12/2010,01/01/9999,1300
P000001646,10/12/2010,01/01/9999,970
P000001647,10/12/2010,01/01/9999,270
P000001648,10/12/2010,01/01/9999,250
P000001649,10/12/2010,01/01/9999,310
P000001650,10/12/2010,01/01/9999,160
P000001651,10/13/2010,01/01/9999,230
P000001652,10/14/2010,01/01/9999,180
P000001653,10/15/2010,01/01/9999,100
P000001654,10/15/2010,01/01/9999,100
P000001655,10/16/2010,01/01/9999,110
P000001656,10/17/2010,01/01/9999,120
P000001657,10/18/2010,01/01/9999,420
P000001658,10/18/2010,01/01/9999,380
P000001659,10/18/2010,01/01/9999,420
P000001660,10/18/2010,01/01/9999,520
P000001661,10/19/2010,01/01/9999,830
P000001662,10/20/2010,01/01/9999,780
P000001663,10/20/2010,01/01/9999,870
P000001664,10/20/2010,01/01/9999,830
P000001665,10/20/2010,01/01/9999,870
P000001666,10/20/2010,01/01/9999,770
P000001667,10/21/2010,01/01/9999,3360
P000001668,10/21/2010,01/01/9999,2540
P000001669,10/22/2010,01/01/9999,2990
P000001670,10/22/2010,01/01/9999,2940
P000001671,10/22/2010,01/01/9999,3480
P000001672,10/22/2010,01/01/9999,5360
P000001673,10/23/2010,01/01/9999,5340
P000001674,10/23/2010,01/01/9999,5310
P000001675,10/23/2010,01/01/9999,5580
P000001676,10/24/2010,01/01/9999,5670
P000001677,10/24/2010,01/01/9999,13700
P000001678,10/28/2010,01/01/9999,8400
P000001679,10/28/2010,01/01/9999,9600
P000001680,10/28/2010,01/01/9999,8710
P000001681,10/29/2010,01/01/9999,8800
P000001682,10/29/2010,01/01/9999,12400
P000001683,10/29/2010,01/01/9999,12010
P000001684,10/29/2010,01/01/9999,9970
P000001685,10/29/2010,01/01/9999,9830
P000001686,10/29/2010,01/01/9999,12300
P000001687,10/29/2010,01/01/9999,340
P000001688,10/29/2010,01/01/9999,350
P000001689,10/30/2010,01/01/9999,360
P000001690,10/30/2010,01/01/9999,330
P000001691,10/30/2010,01/01/9999,270
P000001692,10/31/2010,01/01/9999,260
P000001693,11/03/2010,01/01/9999,330
P000001694,11/03/2010,01/01/9999,300
P000001695,11/03/2010,01/01/9999,450
P000001696,11/03/2010,01/01/9999,420
P000001697,11/04/2010,01/01/9999,880
P000001698,11/04/2010,01/01/9999,510
P000001699,11/05/2010,01/01/9999,450
P000001700,11/05/2010,01/01/9999,950
P000001701,11/05/2010,01/01/9999,740
P000001702,11/05/2010,01/01/9999,1560
P000001703,11/05/2010,01/01/9999,1150
P000001704,11/05/2010,01/01/9999,1370
P000001705,11/06/2010,01/01/9999,1580
P000001706,11/06/2010,01/01/9999,1110
P000001707,11/06/2010,01/01/9999,320
P000001708,11/06/2010,01/01/9999,290
P000001709,11/07/2010,01/01/9999,480
P000001710,11/07/2010,01/01/9999,560
P000001711,11/08/2010,01/01/9999,280
P000001712,11/08/2010,01/01/9999,940
P000001713,11/09/2010,01/01/9999,590
P000001714,11/09/2010,01/01/9999,880
P000001715,11/09/2010,01/01/9999,930
P000001716,11/09/2010,01/01/9999,280
P000001717,11/10/2010,01/01/9999,280
P000001718,11/10/2010,01/01/9999,620
P000001719,11/12/2010,01/01/9999,520
P000001720,11/12/2010,01/01/9999,680
P000001721,11/12/2010,01/01/9999,230
P000001722,11/12/2010,01/01/9999,520
P000001723,11/12/2010,01/01/9999,790
P000001724,11/13/2010,01/01/9999,460
P000001725,11/13/2010,01/01/9999,690
P000001726,11/13/2010,01/01/9999,780
P000001727,11/13/2010,01/01/9999,520
P000001728,11/13/2010,01/01/9999,770
P000001729,11/14/2010,01/01/9999,610
P000001730,11/14/2010,01/01/9999,840
P000001731,11/14/2010,01/01/9999,700
P000001732,11/14/2010,01/01/9999,530
P000001733,11/15/2010,01/01/9999,560
P000001734,11/15/2010,01/01/9999,470
P000001735,11/15/2010,01/01/9999,630
P000001736,11/16/2010,01/01/9999,460
P000001737,11/16/2010,01/01/9999,620
P000001738,11/16/2010,01/01/9999,740
P000001739,11/16/2010,01/01/9999,580
P000001740,11/17/2010,01/01/9999,610
P000001741,11/17/2010,01/01/9999,470
P000001742,11/18/2010,01/01/9999,240
P000001743,11/18/2010,01/01/9999,280
P000001744,11/18/2010,01/01/9999,250
P000001745,11/19/2010,01/01/9999,200
P000001746,11/19/2010,01/01/9999,350
P000001747,11/19/2010,01/01/9999,410
P000001748,11/20/2010,01/01/9999,390
P000001749,11/20/2010,01/01/9999,340
P000001750,11/20/2010,01/01/9999,450
P000001751,11/20/2010,01/01/9999,410
P000001752,11/21/2010,01/01/9999,750
P000001753,11/21/2010,01/01/9999,820
P000001754,11/21/2010,01/01/9999,650
P000001755,11/21/2010,01/01/9999,550
P000001756,11/21/2010,01/01/9999,500
P000001757,11/21/2010,01/01/9999,1630
P000001758,11/22/2010,01/01/9999,1120
P000001759,11/22/2010,01/01/9999,1640
P000001760,11/23/2010,01/01/9999,1620
P000001761,11/24/2010,01/01/9999,1580
P000001762,11/25/2010,01/01/9999,670
P000001763,11/25/2010,01/01/9999,570
P000001764,11/25/2010,01/01/9999,860
P000001765,11/26/2010,01/01/9999,920
P000001766,11/26/2010,01/01/9999,720
P000001767,11/28/2010,01/01/9999,970
P000001768,11/28/2010,01/01/9999,510
P000001769,11/28/2010,01/01/9999,470
P000001770,11/28/2010,01/01/9999,500
P000001771,11/28/2010,01/01/9999,670
P000001772,11/28/2010,01/01/9999,890
P000001773,11/28/2010,01/01/9999,710
P000001774,11/28/2010,01/01/9999,520
P000001775,11/29/2010,01/01/9999,790
P000001776,11/29/2010,01/01/9999,690
P000001777,11/30/2010,01/01/9999,260
P000001778,11/30/2010,01/01/9999,320
P000001779,11/30/2010,01/01/9999,360
P000001780,12/01/2010,01/01/9999,380
P000001781,12/01/2010,01/01/9999,400
P000001782,12/01/2010,01/01/9999,1400
P000001783,12/02/2010,01/01/9999,760
P000001784,12/02/2010,01/01/9999,820
P000001785,12/02/2010,01/01/9999,800
P000001786,12/02/2010,01/01/9999,1050
P000001787,12/02/2010,01/01/9999,260
P000001788,12/03/2010,01/01/9999,340
P000001789,12/03/2010,01/01/9999,450
P000001790,12/03/2010,01/01/9999,480
P000001791,12/03/2010,01/01/9999,270
P000001792,12/04/2010,01/01/9999,480
P000001793,12/04/2010,01/01/9999,420
P000001794,12/05/2010,01/01/9999,440
P000001795,12/05/2010,01/01/9999,440
P000001796,12/05/2010,01/01/9999,460
P000001797,12/05/2010,01/01/9999,600
P000001798,12/06/2010,01/01/9999,860
P000001799,12/07/2010,01/01/9999,490
P000001800,12/07/2010,01/01/9999,450
P000001801,12/08/2010,01/01/9999,990
P000001802,12/08/2010,01/01/9999,690
P000001803,12/08/2010,01/01/9999,640
P000001804,12/08/2010,01/01/9999,670
P000001805,12/09/2010,01/01/9999,560
P000001806,12/09/2010,01/01/9999,520
P000001807,12/09/2010,01/01/9999,690
P000001808,12/09/2010,01/01/9999,680
P000001809,12/10/2010,01/01/9999,450
P000001810,12/10/2010,01/01/9999,700
P000001811,12/10/2010,01/01/9999,720
P000001812,12/11/2010,01/01/9999,420
P000001813,12/11/2010,01/01/9999,390
P000001814,12/12/2010,01/01/9999,320
P000001815,12/12/2010,01/01/9999,280
P000001816,12/12/2010,01/01/9999,240
P000001817,12/12/2010,01/01/9999,440
P000001818,12/13/2010,01/01/9999,580
P000001819,12/14/2010,01/01/9999,320
P000001820,12/14/2010,01/01/9999,640
P000001821,12/15/2010,01/01/9999,570
P000001822,12/16/2010,01/01/9999,12900
P000001823,12/16/2010,01/01/9999,13200
P000001824,12/17/2010,01/01/9999,12000
P000001825,12/17/2010,01/01/9999,11080
P000001826,12/17/2010,01/01/9999,10600
P000001827,12/19/2010,01/01/9999,860
P000001828,12/19/2010,01/01/9999,880
P000001829,12/19/2010,01/01/9999,230
P000001830,12/19/2010,01/01/9999,400
P000001831,12/19/2010,01/01/9999,390
P000001832,12/20/2010,01/01/9999,1620
P000001833,12/21/2010,01/01/9999,1540
P000001834,12/22/2010,01/01/9999,1880
P000001835,12/22/2010,01/01/9999,1970
P000001836,12/22/2010,01/01/9999,1820
P000001837,12/23/2010,01/01/9999,6970
P000001838,12/23/2010,01/01/9999,8700
P000001839,12/23/2010,01/01/9999,7200
P000001840,12/23/2010,01/01/9999,6900
P000001841,12/24/2010,01/01/9999,7000
P000001842,12/24/2010,01/01/9999,4100
P000001843,12/25/2010,01/01/9999,3900
P000001844,12/25/2010,01/01/9999,3700
P000001845,12/25/2010,01/01/9999,5670
P000001846,12/25/2010,01/01/9999,4000
P000001847,12/26/2010,01/01/9999,8800
P000001848,12/27/2010,01/01/9999,7000
P000001849,12/27/2010,01/01/9999,6930
P000001850,12/28/2010,01/01/9999,7500
P000001851,12/28/2010,01/01/9999,7280
P000001852,12/29/2010,01/01/9999,610
P000001853,12/29/2010,01/01/9999,590
P000001854,12/29/2010,01/01/9999,730
P000001855,12/29/2010,01/01/9999,580
P000001856,12/29/2010,01/01/9999,900
P000001857,12/30/2010,01/01/9999,710
